eval_row,FindingID,LNDbID,label,filename,gemini_3_flash_preview_zero_shot_rich_score,gemini_3_flash_preview_20_shot_rich_score,efficientnet_b0_score,resnet_18_score,densenet_121_score,resnet_50_score,vit_base_score,stu_net_score,swin_unetr_score
0,16_1,16,0,16_1.npy,0.15,0.8,0.42456055,0.15270996,0.546875,0.33642578,0.44335938,0.11755371,0.34204102
1,240_9,240,0,240_9.npy,0.15,0.15,0.21813965,0.08959961,0.12042236,0.24450684,0.4387207,0.037384033,0.2142334
2,253_5,253,0,253_5.npy,0.15,0.1,0.34716797,0.22460938,0.140625,0.29711914,0.4440918,0.10839844,0.19714355
3,111_1,111,0,111_1.npy,0.12,0.15,0.42456055,0.22424316,0.6660156,0.7192383,0.5209961,0.22033691,0.5800781
4,70_1,70,0,70_1.npy,0.15,0.12,0.29541016,0.13085938,0.05770874,0.30444336,0.43945312,0.03326416,0.35620117
5,274_7,274,0,274_7.npy,0.12,0.05,0.20056152,0.23303223,0.44995117,0.30126953,0.43188477,0.24487305,0.4560547
6,2_8,2,0,2_8.npy,0.15,0.85,0.20935059,0.07366943,0.07904053,0.16821289,0.44555664,0.0647583,0.48828125
7,168_1,168,0,168_1.npy,0.12,0.15,0.21398926,0.12683105,0.08270264,0.41308594,0.42700195,0.111816406,0.16516113
8,274_5,274,0,274_5.npy,0.15,0.1,0.22949219,0.17736816,0.13305664,0.19641113,0.44506836,0.12390137,0.55566406
9,103_2,103,0,103_2.npy,0.15,0.85,0.23156738,0.17346191,0.07434082,0.17700195,0.43774414,0.060516357,0.26098633
10,279_4,279,1,279_4.npy,0.15,0.85,0.3918457,0.27270508,0.20690918,0.3623047,0.43066406,0.09844971,0.4819336
11,111_3,111,0,111_3.npy,0.12,0.15,0.19006348,0.07080078,0.12084961,0.17260742,0.4296875,0.053497314,0.12365723
12,301_2,301,0,301_2.npy,0.15,0.1,0.15283203,0.07946777,0.12402344,0.17089844,0.43969727,0.03869629,0.18359375
13,256_1,256,0,256_1.npy,0.15,0.1,0.3244629,0.16772461,0.18225098,0.85791016,0.55029297,0.32910156,0.4658203
14,278_2,278,0,278_2.npy,0.15,0.1,0.3317871,0.13769531,0.19519043,0.26904297,0.44604492,0.21936035,0.18286133
15,96_3,96,0,96_3.npy,0.15,0.1,0.2626953,0.57958984,0.40014648,0.78759766,0.5214844,0.13745117,0.38891602
16,77_4,77,0,77_4.npy,0.15,0.82,0.26660156,0.12145996,0.08105469,0.35498047,0.44580078,0.06008911,0.19128418
17,246_1,246,0,246_1.npy,0.15,0.1,0.47583008,0.08618164,0.14086914,0.9345703,0.48950195,0.12145996,0.6455078
18,51_2,51,0,51_2.npy,0.15,0.2,0.16601562,0.14160156,0.08416748,0.15991211,0.4321289,0.10144043,0.0803833
19,253_5,253,0,253_5.npy,0.15,0.1,0.34716797,0.22460938,0.140625,0.29711914,0.4440918,0.10839844,0.19714355
20,21_3,21,0,21_3.npy,0.12,0.1,0.22973633,0.095336914,0.13134766,0.1430664,0.43652344,0.06222534,0.2668457
21,279_7,279,1,279_7.npy,0.12,0.15,0.2705078,0.31860352,0.20996094,0.81396484,0.53271484,0.2631836,0.48632812
22,44_5,44,0,44_5.npy,0.1,0.15,0.16259766,0.15197754,0.20678711,0.20544434,0.44067383,0.051452637,0.24060059
23,56_4,56,0,56_4.npy,0.12,0.15,0.24694824,0.07421875,0.17004395,0.26171875,0.46289062,0.048309326,0.5048828
24,161_4,161,1,161_4.npy,0.12,0.15,0.47265625,0.19519043,0.2541504,0.83154297,0.5234375,0.047088623,0.3725586
25,119_4,119,1,119_4.npy,0.15,0.1,0.53515625,0.55029297,0.5708008,0.39892578,0.44018555,0.7470703,0.61621094
26,37_1,37,0,37_1.npy,0.82,0.88,0.6323242,0.6870117,0.8105469,0.50927734,0.5263672,0.7993164,0.63427734
27,174_7,174,0,174_7.npy,0.15,0.15,0.2841797,0.42993164,0.3083496,0.4777832,0.4477539,0.16662598,0.49829102
28,261_7,261,0,261_7.npy,0.15,0.15,0.4741211,0.44458008,0.36108398,0.5698242,0.48583984,0.119628906,0.22851562
29,49_1,49,0,49_1.npy,0.15,0.85,0.4638672,0.3010254,0.38427734,0.6738281,0.49829102,0.10211182,0.5102539
30,31_6,31,0,31_6.npy,0.15,0.1,0.56689453,0.37451172,0.3005371,0.9511719,0.5307617,0.27905273,0.43115234
31,55_8,55,0,55_8.npy,0.15,0.1,0.25268555,0.3059082,0.17736816,0.4033203,0.44335938,0.044769287,0.43310547
32,70_1,70,0,70_1.npy,0.15,0.12,0.29541016,0.13085938,0.05770874,0.30444336,0.43945312,0.03326416,0.35620117
33,16_3,16,0,16_3.npy,0.12,0.85,0.24865723,0.18896484,0.19274902,0.27172852,0.43286133,0.093322754,0.37402344
34,143_6,143,0,143_6.npy,0.12,0.1,0.20471191,0.10760498,0.13867188,0.19116211,0.43676758,0.0758667,0.18652344
35,107_1,107,1,107_1.npy,0.85,0.85,0.74316406,0.5805664,0.6533203,0.70166016,0.48754883,0.51708984,0.45288086
36,122_1,122,0,122_1.npy,0.12,0.85,0.20983887,0.18835449,0.2932129,0.24707031,0.44433594,0.12042236,0.46484375
37,263_4,263,0,263_4.npy,0.12,0.05,0.19226074,0.07385254,0.08868408,0.3137207,0.41259766,0.05718994,0.1784668
38,274_1,274,1,274_1.npy,0.12,0.15,0.4802246,0.60253906,0.64990234,0.63671875,0.42993164,0.48876953,0.62939453
39,71_4,71,0,71_4.npy,0.15,0.1,0.31958008,0.24597168,0.15075684,0.35668945,0.43041992,0.0552063,0.20178223
40,278_1,278,1,278_1.npy,0.12,0.78,0.51708984,0.60595703,0.5415039,0.8588867,0.50683594,0.32373047,0.38745117
41,85_2,85,0,85_2.npy,0.12,0.1,0.19250488,0.21936035,0.22729492,0.21984863,0.4333496,0.07476807,0.4284668
42,80_1,80,0,80_1.npy,0.15,0.1,0.20263672,0.15429688,0.25805664,0.58251953,0.47485352,0.13000488,0.13415527
43,154_3,154,0,154_3.npy,0.15,0.1,0.25878906,0.23425293,0.2788086,0.49975586,0.4736328,0.0340271,0.3774414
44,255_2,255,0,255_2.npy,0.12,0.1,0.19396973,0.05319214,0.091552734,0.19555664,0.43798828,0.07006836,0.43579102
45,113_1,113,0,113_1.npy,0.12,0.85,0.20983887,0.4621582,0.11199951,0.3515625,0.4729004,0.059539795,0.21520996
46,222_1,222,0,222_1.npy,0.15,0.15,0.21484375,0.14416504,0.16503906,0.26220703,0.44848633,0.0970459,0.6665039
47,270_2,270,0,270_2.npy,0.85,0.85,0.44702148,0.29785156,0.42919922,0.83154297,0.51953125,0.098083496,0.5854492
48,290_7,290,0,290_7.npy,0.15,0.15,0.37353516,0.18652344,0.45361328,0.91064453,0.54248047,0.17529297,0.4260254
49,65_4,65,0,65_4.npy,0.12,0.15,0.2565918,0.06463623,0.089904785,0.35473633,0.4206543,0.039276123,0.14355469
50,8_4,8,0,8_4.npy,0.15,0.85,0.20507812,0.18261719,0.08154297,0.21105957,0.42895508,0.078063965,0.49975586
51,263_3,263,0,263_3.npy,0.15,0.1,0.25195312,0.09448242,0.30200195,0.34204102,0.41625977,0.26391602,0.19177246
52,226_1,226,0,226_1.npy,0.15,0.15,0.17529297,0.42797852,0.3544922,0.4260254,0.46020508,0.099975586,0.52490234
53,272_4,272,0,272_4.npy,0.15,0.1,0.16430664,0.078063965,0.13842773,0.17700195,0.4296875,0.0592041,0.2265625
54,308_6,308,0,308_6.npy,0.15,0.15,0.3022461,0.07922363,0.16296387,0.3095703,0.46044922,0.055603027,0.44702148
55,61_2,61,0,61_2.npy,0.12,0.85,0.32104492,0.07556152,0.11199951,0.38085938,0.45922852,0.053710938,0.46533203
56,112_3,112,0,112_3.npy,0.05,0.1,0.26367188,0.107421875,0.07342529,0.21838379,0.42114258,0.101257324,0.103393555
57,308_5,308,0,308_5.npy,0.92,0.88,0.39453125,0.29296875,0.5761719,0.7270508,0.51464844,0.17810059,0.5341797
58,89_1,89,0,89_1.npy,0.12,0.85,0.22473145,0.28344727,0.0982666,0.26904297,0.4416504,0.10687256,0.2944336
59,15_1,15,0,15_1.npy,0.12,0.75,0.39746094,0.23339844,0.11981201,0.69677734,0.52197266,0.08093262,0.51220703
60,28_3,28,0,28_3.npy,0.15,0.85,0.4885254,0.44873047,0.52441406,0.49121094,0.44311523,0.19885254,0.4909668
61,246_4,246,0,246_4.npy,0.12,0.88,0.25073242,0.24963379,0.1048584,0.2536621,0.4284668,0.15344238,0.13830566
62,21_1,21,0,21_1.npy,0.12,0.2,0.27539062,0.4309082,0.12658691,0.46875,0.46801758,0.05166626,0.24047852
63,310_2,310,0,310_2.npy,0.12,0.15,0.25878906,0.1352539,0.0927124,0.31689453,0.42578125,0.109680176,0.27954102
64,70_2,70,0,70_2.npy,0.15,0.85,0.52734375,0.32080078,0.18408203,0.86376953,0.54589844,0.14318848,0.35766602
65,301_3,301,0,301_3.npy,0.15,0.15,0.24633789,0.26660156,0.26831055,0.31860352,0.43579102,0.06878662,0.29248047
66,229_6,229,0,229_6.npy,0.15,0.8,0.19543457,0.13439941,0.21789551,0.24560547,0.44189453,0.099121094,0.3720703
67,200_2,200,1,200_2.npy,0.12,0.85,0.46191406,0.5053711,0.5986328,0.74072266,0.50683594,0.3466797,0.47607422
68,243_6,243,0,243_6.npy,0.12,0.15,0.21862793,0.10797119,0.17578125,0.25073242,0.43823242,0.03527832,0.24291992
69,264_1,264,0,264_1.npy,0.12,0.15,0.23010254,0.14770508,0.3330078,0.29370117,0.43896484,0.049957275,0.20092773
70,115_2,115,0,115_2.npy,0.12,0.1,0.20629883,0.34350586,0.2944336,0.34936523,0.44140625,0.07879639,0.29125977
71,68_4,68,0,68_4.npy,0.15,0.1,0.2454834,0.12597656,0.053985596,0.17553711,0.43237305,0.037322998,0.5390625
72,299_3,299,0,299_3.npy,0.15,0.15,0.2998047,0.08679199,0.19958496,0.3564453,0.45458984,0.049865723,0.12670898
73,240_6,240,0,240_6.npy,0.12,0.05,0.3720703,0.35205078,0.21447754,0.39208984,0.4128418,0.1694336,0.12072754
74,143_2,143,1,143_2.npy,0.15,0.15,0.6274414,0.49365234,0.6933594,0.50683594,0.42358398,0.08709717,0.05014038
75,119_5,119,1,119_5.npy,0.15,0.85,0.48510742,0.7373047,0.4807129,0.9160156,0.5498047,0.6176758,0.3395996
76,77_5,77,0,77_5.npy,0.15,0.1,0.30859375,0.19055176,0.21154785,0.34106445,0.5234375,0.15075684,0.4765625
77,17_2,17,0,17_2.npy,0.12,0.1,0.46850586,0.26293945,0.32641602,0.4099121,0.42919922,0.14111328,0.3190918
78,263_3,263,0,263_3.npy,0.15,0.1,0.25195312,0.09448242,0.30200195,0.34204102,0.41625977,0.26391602,0.19177246
79,246_4,246,0,246_4.npy,0.12,0.88,0.25073242,0.24963379,0.1048584,0.2536621,0.4284668,0.15344238,0.13830566
80,153_4,153,0,153_4.npy,0.15,0.1,0.2277832,0.33740234,0.19519043,0.47338867,0.44726562,0.07879639,0.15234375
81,51_2,51,0,51_2.npy,0.15,0.2,0.16601562,0.14160156,0.08416748,0.15991211,0.4321289,0.10144043,0.0803833
82,168_2,168,0,168_2.npy,0.1,0.1,0.171875,0.15734863,0.11456299,0.20935059,0.43188477,0.043762207,0.041778564
83,298_3,298,1,298_3.npy,0.15,0.15,0.3762207,0.51953125,0.45507812,0.6279297,0.45141602,0.38720703,0.4987793
84,162_7,162,0,162_7.npy,0.15,0.15,0.16516113,0.14941406,0.10107422,0.123046875,0.4465332,0.051361084,0.28833008
85,190_4,190,0,190_4.npy,0.12,0.15,0.2697754,0.10089111,0.10015869,0.1640625,0.4326172,0.07397461,0.57910156
86,41_3,41,0,41_3.npy,0.12,0.05,0.17883301,0.07989502,0.25805664,0.4699707,0.45043945,0.051086426,0.2841797
87,280_12,280,0,280_12.npy,0.15,0.1,0.24450684,0.11755371,0.12200928,0.20446777,0.45507812,0.0927124,0.4375
88,2_4,2,0,2_4.npy,0.15,0.85,0.27563477,0.19824219,0.40820312,0.38549805,0.42651367,0.12231445,0.5307617
89,263_4,263,0,263_4.npy,0.12,0.05,0.19226074,0.07385254,0.08868408,0.3137207,0.41259766,0.05718994,0.1784668
90,167_5,167,0,167_5.npy,0.12,0.1,0.17883301,0.14758301,0.09875488,0.22290039,0.43432617,0.06512451,0.26123047
91,136_1,136,0,136_1.npy,0.1,0.15,0.25854492,0.087890625,0.09075928,0.3388672,0.4194336,0.10858154,0.061309814
92,56_9,56,0,56_9.npy,0.1,0.9,0.3503418,0.52978516,0.2541504,0.42529297,0.44604492,0.107055664,0.6821289
93,60_5,60,0,60_5.npy,0.15,0.95,0.70654297,0.22436523,0.23217773,0.5024414,0.43823242,0.19702148,0.53271484
94,222_3,222,0,222_3.npy,0.15,0.15,0.28881836,0.06817627,0.2758789,0.2553711,0.44604492,0.14648438,0.41308594
95,163_7,163,0,163_7.npy,0.05,0.1,0.2319336,0.084350586,0.14282227,0.23144531,0.43530273,0.056030273,0.07409668
96,81_5,81,0,81_5.npy,0.12,0.15,0.31933594,0.3461914,0.4099121,0.2409668,0.4345703,0.13562012,0.34448242
97,258_2,258,0,258_2.npy,0.15,0.1,0.2824707,0.035491943,0.2956543,0.5180664,0.4482422,0.06585693,0.16894531
98,161_2,161,0,161_2.npy,0.12,0.1,0.30981445,0.12402344,0.10211182,0.3869629,0.46362305,0.10760498,0.37329102
99,15_3,15,0,15_3.npy,0.15,0.1,0.24304199,0.12249756,0.09387207,0.19067383,0.43481445,0.072265625,0.3239746
100,70_3,70,0,70_3.npy,0.72,0.8,0.42382812,0.71777344,0.62060547,0.9213867,0.53125,0.19421387,0.35791016
101,240_1,240,1,240_1.npy,0.15,0.15,0.40527344,0.27563477,0.30615234,0.31933594,0.50634766,0.5385742,0.5493164
102,278_3,278,0,278_3.npy,0.15,0.15,0.17810059,0.13439941,0.15893555,0.18103027,0.43408203,0.09106445,0.25195312
103,158_3,158,0,158_3.npy,0.15,0.88,0.26049805,0.30932617,0.6401367,0.2265625,0.47729492,0.27856445,0.23059082
104,113_1,113,0,113_1.npy,0.12,0.85,0.20983887,0.4621582,0.11199951,0.3515625,0.4729004,0.059539795,0.21520996
105,13_1,13,0,13_1.npy,0.12,0.15,0.22521973,0.14294434,0.08898926,0.34545898,0.4416504,0.15588379,0.08880615
106,280_10,280,0,280_10.npy,0.12,0.1,0.38549805,0.20239258,0.30786133,0.8574219,0.5439453,0.19091797,0.5649414
107,56_1,56,0,56_1.npy,0.12,0.05,0.54296875,0.29223633,0.41088867,0.41577148,0.41918945,0.10467529,0.3864746
108,246_7,246,0,246_7.npy,0.15,0.1,0.25952148,0.06323242,0.17834473,0.20336914,0.43676758,0.13244629,0.2692871
109,31_11,31,0,31_11.npy,0.05,0.1,0.27685547,0.28735352,0.1496582,0.8261719,0.5029297,0.21862793,0.4987793
110,252_5,252,0,252_5.npy,0.1,0.15,0.22253418,0.07385254,0.14453125,0.20593262,0.47387695,0.025619507,0.28100586
111,86_4,86,0,86_4.npy,0.15,0.82,0.2548828,0.375,0.2800293,0.31103516,0.45092773,0.042633057,0.19787598
112,10_10,10,0,10_10.npy,0.12,0.15,0.234375,0.27075195,0.21154785,0.32250977,0.44067383,0.042633057,0.24255371
113,56_6,56,0,56_6.npy,0.1,0.1,0.4116211,0.4375,0.203125,0.5180664,0.46411133,0.0803833,0.61572266
114,3_4,3,0,3_4.npy,0.1,0.15,0.5366211,0.58203125,0.3491211,0.5102539,0.44311523,0.10449219,0.57470703
115,174_7,174,0,174_7.npy,0.15,0.15,0.2841797,0.42993164,0.3083496,0.4777832,0.4477539,0.16662598,0.49829102
116,105_2,105,0,105_2.npy,0.85,0.82,0.28515625,0.1352539,0.19104004,0.3774414,0.4453125,0.14672852,0.5732422
117,67_1,67,1,67_1.npy,0.88,0.9,0.77246094,0.6542969,0.85253906,0.7421875,0.453125,0.6694336,0.1739502
118,263_4,263,0,263_4.npy,0.12,0.05,0.19226074,0.07385254,0.08868408,0.3137207,0.41259766,0.05718994,0.1784668
119,18_6,18,0,18_6.npy,0.15,0.15,0.34350586,0.08123779,0.40112305,0.3725586,0.41992188,0.2919922,0.25097656
120,284_10,284,0,284_10.npy,0.1,0.85,0.4987793,0.33496094,0.5053711,0.7324219,0.5390625,0.16381836,0.49487305
121,111_2,111,0,111_2.npy,0.12,0.1,0.27685547,0.17565918,0.09399414,0.32104492,0.40820312,0.08270264,0.14941406
122,89_2,89,0,89_2.npy,0.15,0.15,0.25317383,0.12420654,0.107788086,0.32788086,0.41503906,0.06732178,0.2010498
123,167_2,167,0,167_2.npy,0.15,0.15,0.3569336,0.0491333,0.081970215,0.5761719,0.49389648,0.03488159,0.265625
124,109_2,109,0,109_2.npy,0.1,0.1,0.40625,0.34716797,0.60595703,0.38916016,0.45581055,0.3166504,0.2619629
125,237_5,237,0,237_5.npy,0.15,0.1,0.35766602,0.10668945,0.09301758,0.36767578,0.43920898,0.048583984,0.2836914
126,84_1,84,0,84_1.npy,0.12,0.1,0.3515625,0.12249756,0.3647461,0.44433594,0.42529297,0.050811768,0.17944336
127,195_5,195,0,195_5.npy,0.15,0.15,0.24975586,0.059753418,0.10687256,0.29296875,0.4560547,0.03186035,0.37158203
128,100_2,100,0,100_2.npy,0.12,0.85,0.19067383,0.0703125,0.035217285,0.29711914,0.44360352,0.048858643,0.14697266
129,119_3,119,1,119_3.npy,0.12,0.15,0.5473633,0.5019531,0.7260742,0.52978516,0.42773438,0.44750977,0.42529297
130,195_4,195,0,195_4.npy,0.15,0.15,0.17871094,0.0803833,0.12072754,0.16223145,0.43164062,0.040985107,0.04559326
131,263_3,263,0,263_3.npy,0.15,0.1,0.25195312,0.09448242,0.30200195,0.34204102,0.41625977,0.26391602,0.19177246
132,102_4,102,0,102_4.npy,0.75,0.9,0.4387207,0.17736816,0.2310791,0.5571289,0.4597168,0.13696289,0.40307617
133,167_1,167,0,167_1.npy,0.15,0.85,0.24621582,0.0960083,0.10650635,0.31640625,0.45043945,0.031677246,0.39672852
134,8_2,8,0,8_2.npy,0.12,0.85,0.2211914,0.1328125,0.13439941,0.22302246,0.42260742,0.13696289,0.45581055
135,246_7,246,0,246_7.npy,0.15,0.1,0.25952148,0.06323242,0.17834473,0.20336914,0.43676758,0.13244629,0.2692871
136,212_4,212,0,212_4.npy,0.12,0.82,0.3786621,0.29492188,0.23059082,0.95947266,0.5444336,0.25048828,0.48535156
137,90_1,90,0,90_1.npy,0.12,0.85,0.23547363,0.16955566,0.52001953,0.4086914,0.42260742,0.14904785,0.13562012
138,68_4,68,0,68_4.npy,0.15,0.1,0.2454834,0.12597656,0.053985596,0.17553711,0.43237305,0.037322998,0.5390625
139,85_4,85,0,85_4.npy,0.12,0.1,0.3647461,0.32983398,0.3190918,0.25317383,0.44018555,0.03050232,0.35131836
140,301_5,301,0,301_5.npy,0.12,0.1,0.45214844,0.45117188,0.5541992,0.4675293,0.4375,0.12927246,0.48339844
141,122_1,122,0,122_1.npy,0.12,0.85,0.20983887,0.18835449,0.2932129,0.24707031,0.44433594,0.12042236,0.46484375
142,253_1,253,0,253_1.npy,0.85,0.78,0.2397461,0.093322754,0.09753418,0.29882812,0.4194336,0.08831787,0.4189453
143,243_6,243,0,243_6.npy,0.12,0.15,0.21862793,0.10797119,0.17578125,0.25073242,0.43823242,0.03527832,0.24291992
144,50_1,50,0,50_1.npy,0.15,0.1,0.26586914,0.51660156,0.08911133,0.95751953,0.5029297,0.16503906,0.40893555
145,139_2,139,0,139_2.npy,0.18,0.85,0.28149414,0.39746094,0.33398438,0.3190918,0.43408203,0.23522949,0.16101074
146,59_2,59,1,59_2.npy,0.12,0.9,0.41796875,0.49975586,0.5751953,0.50390625,0.4765625,0.42773438,0.39526367
147,11_6,11,0,11_6.npy,0.12,0.85,0.23254395,0.37890625,0.39453125,0.50097656,0.44335938,0.09234619,0.56884766
148,299_3,299,0,299_3.npy,0.15,0.15,0.2998047,0.08679199,0.19958496,0.3564453,0.45458984,0.049865723,0.12670898
149,43_3,43,0,43_3.npy,0.1,0.05,0.19787598,0.08123779,0.2536621,0.28979492,0.43481445,0.072265625,0.51171875
150,61_2,61,0,61_2.npy,0.12,0.85,0.32104492,0.07556152,0.11199951,0.38085938,0.45922852,0.053710938,0.46533203
151,25_3,25,0,25_3.npy,0.15,0.85,0.25854492,0.14904785,0.12200928,0.20678711,0.43041992,0.06451416,0.20593262
152,31_11,31,0,31_11.npy,0.05,0.1,0.27685547,0.28735352,0.1496582,0.8261719,0.5029297,0.21862793,0.4987793
153,24_2,24,1,24_2.npy,0.85,0.85,0.68066406,0.61621094,0.8691406,0.6274414,0.45117188,0.50927734,0.7241211
154,308_4,308,0,308_4.npy,0.12,0.15,0.37060547,0.11010742,0.39819336,0.6557617,0.44921875,0.042877197,0.29882812
155,17_1,17,0,17_1.npy,0.15,0.15,0.25756836,0.15661621,0.2109375,0.23828125,0.49389648,0.053009033,0.4284668
156,60_1,60,0,60_1.npy,0.15,0.05,0.30981445,0.23376465,0.099487305,0.4267578,0.4440918,0.13146973,0.44970703
157,5_2,5,0,5_2.npy,0.12,0.15,0.36254883,0.13793945,0.072265625,0.4013672,0.43310547,0.10949707,0.51953125
158,105_6,105,0,105_6.npy,0.12,0.85,0.23913574,0.24902344,0.31689453,0.2919922,0.43164062,0.16015625,0.06842041
159,111_3,111,0,111_3.npy,0.12,0.15,0.19006348,0.07080078,0.12084961,0.17260742,0.4296875,0.053497314,0.12365723
160,163_7,163,0,163_7.npy,0.05,0.1,0.2319336,0.084350586,0.14282227,0.23144531,0.43530273,0.056030273,0.07409668
161,55_6,55,0,55_6.npy,0.12,0.15,0.17944336,0.08538818,0.13757324,0.21728516,0.41992188,0.053009033,0.27783203
162,88_1,88,0,88_1.npy,0.12,0.82,0.24743652,0.28955078,0.45214844,0.30688477,0.44921875,0.13964844,0.58154297
163,139_1,139,0,139_1.npy,0.15,0.1,0.24328613,0.23474121,0.08508301,0.27441406,0.4572754,0.14379883,0.19909668
164,263_2,263,0,263_2.npy,0.15,0.15,0.22827148,0.113586426,0.10821533,0.39575195,0.5229492,0.07501221,0.3955078
165,51_2,51,0,51_2.npy,0.15,0.2,0.16601562,0.14160156,0.08416748,0.15991211,0.4321289,0.10144043,0.0803833
166,154_2,154,0,154_2.npy,0.15,0.1,0.17114258,0.10559082,0.08959961,0.3059082,0.43481445,0.07489014,0.29736328
167,83_2,83,0,83_2.npy,0.12,0.82,0.21862793,0.13964844,0.06994629,0.24523926,0.43164062,0.043518066,0.38378906
168,28_6,28,0,28_6.npy,0.88,0.92,0.22680664,0.12731934,0.36132812,0.29125977,0.42700195,0.15429688,0.11755371
169,289_4,289,0,289_4.npy,0.12,0.1,0.34765625,0.08728027,0.14501953,0.5019531,0.44677734,0.056854248,0.1550293
170,101_1,101,0,101_1.npy,0.15,0.82,0.1940918,0.2130127,0.6166992,0.3071289,0.42456055,0.18151855,0.7104492
171,70_2,70,0,70_2.npy,0.15,0.85,0.52734375,0.32080078,0.18408203,0.86376953,0.54589844,0.14318848,0.35766602
172,41_3,41,0,41_3.npy,0.12,0.05,0.17883301,0.07989502,0.25805664,0.4699707,0.45043945,0.051086426,0.2841797
173,113_3,113,0,113_3.npy,0.15,0.15,0.35229492,0.14086914,0.09893799,0.21655273,0.48242188,0.046539307,0.4033203
174,213_1,213,0,213_1.npy,0.15,0.2,0.24182129,0.35766602,0.13720703,0.46264648,0.44726562,0.06707764,0.28710938
175,263_3,263,0,263_3.npy,0.15,0.1,0.25195312,0.09448242,0.30200195,0.34204102,0.41625977,0.26391602,0.19177246
176,35_6,35,0,35_6.npy,0.15,0.85,0.1784668,0.12548828,0.118774414,0.21386719,0.45141602,0.06585693,0.52978516
177,48_3,48,0,48_3.npy,0.1,0.05,0.34594727,0.18408203,0.2939453,0.34960938,0.43530273,0.14990234,0.17871094
178,284_4,284,0,284_4.npy,0.15,0.1,0.1706543,0.18200684,0.08618164,0.37451172,0.4729004,0.045776367,0.2758789
179,39_1,39,0,39_1.npy,0.15,0.05,0.43969727,0.1484375,0.23425293,0.23510742,0.41625977,0.1015625,0.4230957
180,240_3,240,1,240_3.npy,0.12,0.05,0.45874023,0.47753906,0.2548828,0.84765625,0.53125,0.45507812,0.4880371
181,31_5,31,0,31_5.npy,0.15,0.1,0.2915039,0.31152344,0.24438477,0.7246094,0.49145508,0.18188477,0.35424805
182,109_2,109,0,109_2.npy,0.1,0.1,0.40625,0.34716797,0.60595703,0.38916016,0.45581055,0.3166504,0.2619629
183,200_3,200,0,200_3.npy,0.12,0.82,0.26049805,0.10650635,0.18005371,0.43603516,0.4428711,0.06097412,0.3684082
184,35_7,35,0,35_7.npy,0.15,0.85,0.6074219,0.640625,0.6279297,0.67871094,0.44677734,0.55859375,0.4194336
185,41_3,41,0,41_3.npy,0.12,0.05,0.17883301,0.07989502,0.25805664,0.4699707,0.45043945,0.051086426,0.2841797
186,188_2,188,0,188_2.npy,0.12,0.05,0.17138672,0.16174316,0.12023926,0.2088623,0.43115234,0.04534912,0.040374756
187,151_4,151,0,151_4.npy,0.05,0.05,0.20324707,0.13977051,0.12512207,0.359375,0.41552734,0.10430908,0.31518555
188,304_6,304,0,304_6.npy,0.15,0.1,0.18908691,0.17236328,0.51123047,0.43579102,0.48266602,0.13098145,0.40698242
189,258_4,258,1,258_4.npy,0.1,0.15,0.35009766,0.16320801,0.10650635,0.25024414,0.44921875,0.0982666,0.14477539
190,26_1,26,0,26_1.npy,0.15,0.85,0.5185547,0.62060547,0.6894531,0.6489258,0.4404297,0.6196289,0.37280273
191,274_7,274,0,274_7.npy,0.12,0.05,0.20056152,0.23303223,0.44995117,0.30126953,0.43188477,0.24487305,0.4560547
192,246_1,246,0,246_1.npy,0.15,0.1,0.47583008,0.08618164,0.14086914,0.9345703,0.48950195,0.12145996,0.6455078
193,289_4,289,0,289_4.npy,0.12,0.1,0.34765625,0.08728027,0.14501953,0.5019531,0.44677734,0.056854248,0.1550293
194,255_3,255,0,255_3.npy,0.1,0.88,0.28588867,0.34228516,0.54248047,0.3408203,0.50927734,0.38085938,0.47827148
195,240_9,240,0,240_9.npy,0.15,0.15,0.21813965,0.08959961,0.12042236,0.24450684,0.4387207,0.037384033,0.2142334
196,246_7,246,0,246_7.npy,0.15,0.1,0.25952148,0.06323242,0.17834473,0.20336914,0.43676758,0.13244629,0.2692871
197,118_1,118,0,118_1.npy,0.12,0.15,0.48510742,0.33129883,0.43310547,0.45336914,0.46142578,0.4963379,0.40405273
198,13_3,13,0,13_3.npy,0.15,0.1,0.15856934,0.3125,0.18493652,0.1796875,0.4338379,0.08251953,0.19824219
199,98_1,98,0,98_1.npy,0.15,0.15,0.28833008,0.09967041,0.07409668,0.29785156,0.44311523,0.0362854,0.25854492
200,253_5,253,0,253_5.npy,0.15,0.1,0.34716797,0.22460938,0.140625,0.29711914,0.4440918,0.10839844,0.19714355
201,1_2,1,0,1_2.npy,0.15,0.05,0.53125,0.5854492,0.51904297,0.7026367,0.49145508,0.24511719,0.3334961
202,115_1,115,0,115_1.npy,0.15,0.1,0.29223633,0.24902344,0.4260254,0.41845703,0.46972656,0.07196045,0.36987305
203,105_5,105,0,105_5.npy,0.15,0.85,0.25341797,0.22375488,0.1427002,0.3491211,0.43725586,0.118774414,0.5366211
204,70_3,70,0,70_3.npy,0.72,0.8,0.42382812,0.71777344,0.62060547,0.9213867,0.53125,0.19421387,0.35791016
205,218_2,218,0,218_2.npy,0.12,0.1,0.2697754,0.19995117,0.09173584,0.3359375,0.421875,0.17272949,0.36791992
206,21_4,21,0,21_4.npy,0.15,0.1,0.21484375,0.33154297,0.24902344,0.26049805,0.4560547,0.05331421,0.2434082
207,280_1,280,1,280_1.npy,0.15,0.8,0.51416016,0.5205078,0.4663086,0.92626953,0.5,0.5,0.49658203
208,94_2,94,0,94_2.npy,0.12,0.85,0.16955566,0.08093262,0.048950195,0.21887207,0.44482422,0.042388916,0.20349121
209,163_3,163,0,163_3.npy,0.15,0.15,0.21582031,0.17626953,0.12347412,0.2927246,0.43237305,0.112976074,0.55908203
210,181_4,181,1,181_4.npy,0.12,0.1,0.47338867,0.21704102,0.24829102,0.82910156,0.52734375,0.048858643,0.40527344
211,284_1,284,1,284_1.npy,0.72,0.85,0.48657227,0.47021484,0.7548828,0.5732422,0.44970703,0.47705078,0.6245117
212,55_7,55,0,55_7.npy,0.15,0.1,0.18847656,0.063964844,0.07366943,0.1619873,0.4453125,0.055419922,0.33325195
213,183_1,183,0,183_1.npy,0.12,0.15,0.17797852,0.08868408,0.14819336,0.17883301,0.43481445,0.07330322,0.107421875
214,301_2,301,0,301_2.npy,0.15,0.1,0.15283203,0.07946777,0.12402344,0.17089844,0.43969727,0.03869629,0.18359375
215,21_3,21,0,21_3.npy,0.12,0.1,0.22973633,0.095336914,0.13134766,0.1430664,0.43652344,0.06222534,0.2668457
216,3_5,3,0,3_5.npy,0.12,0.05,0.24890137,0.15771484,0.35424805,0.33325195,0.44604492,0.08178711,0.4543457
217,44_5,44,0,44_5.npy,0.1,0.15,0.16259766,0.15197754,0.20678711,0.20544434,0.44067383,0.051452637,0.24060059
218,17_1,17,0,17_1.npy,0.15,0.15,0.25756836,0.15661621,0.2109375,0.23828125,0.49389648,0.053009033,0.4284668
219,105_6,105,0,105_6.npy,0.12,0.85,0.23913574,0.24902344,0.31689453,0.2919922,0.43164062,0.16015625,0.06842041
220,119_2,119,1,119_2.npy,0.72,0.15,0.3305664,0.3786621,0.5419922,0.4909668,0.44555664,0.29077148,0.24304199
221,190_4,190,0,190_4.npy,0.12,0.15,0.2697754,0.10089111,0.10015869,0.1640625,0.4326172,0.07397461,0.57910156
222,4_1,4,0,4_1.npy,0.2,0.15,0.54833984,0.49902344,0.5498047,0.89990234,0.5390625,0.23181152,0.47021484
223,263_5,263,0,263_5.npy,0.15,0.15,0.22424316,0.099975586,0.05480957,0.2631836,0.4350586,0.029144287,0.13647461
224,5_1,5,0,5_1.npy,0.15,0.1,0.3564453,0.29248047,0.34960938,0.43041992,0.44921875,0.03918457,0.31860352
225,21_2,21,0,21_2.npy,0.15,0.1,0.21679688,0.1673584,0.07696533,0.20324707,0.4345703,0.04360962,0.37670898
226,118_2,118,0,118_2.npy,0.12,0.88,0.28735352,0.08251953,0.11437988,0.2553711,0.49975586,0.07080078,0.3371582
227,91_1,91,0,91_1.npy,0.12,0.1,0.19580078,0.105407715,0.084472656,0.5053711,0.5234375,0.044189453,0.30151367
228,75_2,75,0,75_2.npy,0.12,0.15,0.22106934,0.09979248,0.10247803,0.5292969,0.44873047,0.04663086,0.22351074
229,263_4,263,0,263_4.npy,0.12,0.05,0.19226074,0.07385254,0.08868408,0.3137207,0.41259766,0.05718994,0.1784668
230,112_5,112,0,112_5.npy,0.12,0.1,0.26293945,0.14672852,0.1282959,0.28857422,0.42333984,0.15844727,0.17883301
231,59_1,59,1,59_1.npy,0.78,0.85,0.6538086,0.57958984,0.6069336,0.6020508,0.4807129,0.6713867,0.5986328
232,25_3,25,0,25_3.npy,0.15,0.85,0.25854492,0.14904785,0.12200928,0.20678711,0.43041992,0.06451416,0.20593262
233,253_5,253,0,253_5.npy,0.15,0.1,0.34716797,0.22460938,0.140625,0.29711914,0.4440918,0.10839844,0.19714355
234,85_3,85,0,85_3.npy,0.82,0.85,0.28588867,0.3527832,0.14160156,0.37109375,0.43945312,0.15246582,0.2854004
235,304_1,304,1,304_1.npy,0.75,0.92,0.4033203,0.5185547,0.4650879,0.953125,0.5385742,0.38305664,0.5385742
236,200_4,200,0,200_4.npy,0.12,0.1,0.4663086,0.35009766,0.52685547,0.5864258,0.5083008,0.08251953,0.4501953
237,50_1,50,0,50_1.npy,0.15,0.1,0.26586914,0.51660156,0.08911133,0.95751953,0.5029297,0.16503906,0.40893555
238,110_2,110,0,110_2.npy,0.15,0.05,0.3137207,0.27539062,0.19396973,0.28515625,0.45092773,0.13256836,0.1796875
239,307_2,307,0,307_2.npy,0.15,0.8,0.40844727,0.42211914,0.37939453,0.44995117,0.4543457,0.09515381,0.17480469
240,174_5,174,0,174_5.npy,0.12,0.85,0.29077148,0.26367188,0.17163086,0.43188477,0.44726562,0.2680664,0.24694824
241,310_2,310,0,310_2.npy,0.12,0.15,0.25878906,0.1352539,0.0927124,0.31689453,0.42578125,0.109680176,0.27954102
242,18_2,18,0,18_2.npy,0.12,0.15,0.29077148,0.11315918,0.09320068,0.26367188,0.43823242,0.099487305,0.43676758
243,218_1,218,0,218_1.npy,0.05,0.1,0.19848633,0.1381836,0.076416016,0.31152344,0.42089844,0.098083496,0.12072754
244,15_1,15,0,15_1.npy,0.12,0.75,0.39746094,0.23339844,0.11981201,0.69677734,0.52197266,0.08093262,0.51220703
245,264_1,264,0,264_1.npy,0.12,0.15,0.23010254,0.14770508,0.3330078,0.29370117,0.43896484,0.049957275,0.20092773
246,284_8,284,0,284_8.npy,0.15,0.1,0.46313477,0.35839844,0.32373047,0.6513672,0.48291016,0.06549072,0.29760742
247,3_4,3,0,3_4.npy,0.1,0.15,0.5366211,0.58203125,0.3491211,0.5102539,0.44311523,0.10449219,0.57470703
248,41_3,41,0,41_3.npy,0.12,0.05,0.17883301,0.07989502,0.25805664,0.4699707,0.45043945,0.051086426,0.2841797
249,308_3,308,0,308_3.npy,0.85,0.85,0.48828125,0.515625,0.37768555,0.84033203,0.52734375,0.27490234,0.578125
250,55_6,55,0,55_6.npy,0.12,0.15,0.17944336,0.08538818,0.13757324,0.21728516,0.41992188,0.053009033,0.27783203
251,174_3,174,1,174_3.npy,0.12,0.8,0.5629883,0.5419922,0.7192383,0.85058594,0.53759766,0.7246094,0.53027344
252,4_3,4,0,4_3.npy,0.12,0.85,0.55371094,0.093688965,0.5083008,0.21801758,0.42773438,0.13977051,0.3869629
253,114_6,114,0,114_6.npy,0.15,0.15,0.31152344,0.18432617,0.17297363,0.36669922,0.4074707,0.08850098,0.41674805
254,107_3,107,0,107_3.npy,0.15,0.1,0.1763916,0.16235352,0.19042969,0.52978516,0.4494629,0.08850098,0.14782715
255,243_1,243,1,243_1.npy,0.15,0.15,0.23706055,0.49316406,0.5546875,0.5029297,0.4284668,0.63378906,0.31762695
256,219_2,219,0,219_2.npy,0.05,0.15,0.21582031,0.062683105,0.09350586,0.21240234,0.4255371,0.1048584,0.08416748
257,301_3,301,0,301_3.npy,0.15,0.15,0.24633789,0.26660156,0.26831055,0.31860352,0.43579102,0.06878662,0.29248047
258,240_9,240,0,240_9.npy,0.15,0.15,0.21813965,0.08959961,0.12042236,0.24450684,0.4387207,0.037384033,0.2142334
259,114_1,114,1,114_1.npy,0.95,0.9,0.40185547,0.13244629,0.14807129,0.23266602,0.44091797,0.103027344,0.6538086
260,21_4,21,0,21_4.npy,0.15,0.1,0.21484375,0.33154297,0.24902344,0.26049805,0.4560547,0.05331421,0.2434082
261,87_1,87,0,87_1.npy,0.15,0.95,0.25195312,0.1373291,0.087890625,0.7949219,0.5126953,0.07989502,0.42504883
262,167_2,167,0,167_2.npy,0.15,0.15,0.3569336,0.0491333,0.081970215,0.5761719,0.49389648,0.03488159,0.265625
263,213_2,213,1,213_2.npy,0.15,0.82,0.52441406,0.34106445,0.49780273,0.83984375,0.5415039,0.12432861,0.41088867
264,61_1,61,0,61_1.npy,0.12,0.15,0.16186523,0.12768555,0.15686035,0.21130371,0.43798828,0.07543945,0.32177734
265,105_5,105,0,105_5.npy,0.15,0.85,0.25341797,0.22375488,0.1427002,0.3491211,0.43725586,0.118774414,0.5366211
266,10_11,10,0,10_11.npy,0.12,0.1,0.32495117,0.07611084,0.30004883,0.18493652,0.4338379,0.28125,0.42333984
267,259_4,259,0,259_4.npy,0.12,0.1,0.26879883,0.26049805,0.20166016,0.47338867,0.43579102,0.07763672,0.4729004
268,2_5,2,0,2_5.npy,0.15,0.1,0.35717773,0.13232422,0.16967773,0.30444336,0.43701172,0.08477783,0.30078125
269,163_1,163,0,163_1.npy,0.12,0.1,0.17712402,0.08691406,0.14660645,0.17480469,0.43432617,0.07305908,0.119506836
270,91_2,91,0,91_2.npy,0.15,0.1,0.17626953,0.04385376,0.109680176,0.18261719,0.42456055,0.04510498,0.07183838
271,93_2,93,1,93_2.npy,0.15,0.85,0.33251953,0.3876953,0.2763672,0.4333496,0.4897461,0.09484863,0.34301758
272,85_4,85,0,85_4.npy,0.12,0.1,0.3647461,0.32983398,0.3190918,0.25317383,0.44018555,0.03050232,0.35131836
273,53_1,53,0,53_1.npy,0.85,0.85,0.6801758,0.5131836,0.5883789,0.57910156,0.4248047,0.625,0.19042969
274,56_3,56,0,56_3.npy,0.12,0.85,0.3461914,0.14294434,0.25317383,0.43823242,0.44580078,0.08929443,0.61279297
275,259_1,259,1,259_1.npy,0.15,0.15,0.36645508,0.4177246,0.24450684,0.95410156,0.53466797,0.37353516,0.5493164
276,60_1,60,0,60_1.npy,0.15,0.05,0.30981445,0.23376465,0.099487305,0.4267578,0.4440918,0.13146973,0.44970703
277,56_2,56,0,56_2.npy,0.15,0.88,0.5786133,0.3618164,0.57910156,0.62597656,0.5073242,0.36401367,0.4921875
278,17_6,17,0,17_6.npy,0.1,0.15,0.18237305,0.16772461,0.091552734,0.22827148,0.44262695,0.092041016,0.4152832
279,280_12,280,0,280_12.npy,0.15,0.1,0.24450684,0.11755371,0.12200928,0.20446777,0.45507812,0.0927124,0.4375
280,237_5,237,0,237_5.npy,0.15,0.1,0.35766602,0.10668945,0.09301758,0.36767578,0.43920898,0.048583984,0.2836914
281,62_3,62,0,62_3.npy,0.12,0.85,0.2578125,0.14404297,0.20947266,0.2421875,0.4482422,0.1517334,0.35595703
282,240_7,240,0,240_7.npy,0.12,0.1,0.4411621,0.13891602,0.07763672,0.2614746,0.40234375,0.18737793,0.37719727
283,105_3,105,0,105_3.npy,0.12,0.85,0.4868164,0.48339844,0.56152344,0.9746094,0.53222656,0.1385498,0.4724121
284,77_1,77,0,77_1.npy,0.05,0.1,0.26782227,0.07977295,0.13122559,0.25952148,0.42578125,0.14001465,0.101257324
285,121_6,121,0,121_6.npy,0.15,0.1,0.18554688,0.27661133,0.13000488,0.29858398,0.42626953,0.10229492,0.36132812
286,295_1,295,0,295_1.npy,0.15,0.8,0.53564453,0.5498047,0.6586914,0.7285156,0.51123047,0.33325195,0.5131836
287,89_2,89,0,89_2.npy,0.15,0.15,0.25317383,0.12420654,0.107788086,0.32788086,0.41503906,0.06732178,0.2010498
288,237_5,237,0,237_5.npy,0.15,0.1,0.35766602,0.10668945,0.09301758,0.36767578,0.43920898,0.048583984,0.2836914
289,122_1,122,0,122_1.npy,0.12,0.85,0.20983887,0.18835449,0.2932129,0.24707031,0.44433594,0.12042236,0.46484375
290,136_1,136,0,136_1.npy,0.1,0.15,0.25854492,0.087890625,0.09075928,0.3388672,0.4194336,0.10858154,0.061309814
291,81_2,81,0,81_2.npy,0.12,0.1,0.23657227,0.1116333,0.06842041,0.21154785,0.43359375,0.0993042,0.36572266
292,65_5,65,0,65_5.npy,0.85,0.88,0.49194336,0.0993042,0.17175293,0.27807617,0.4243164,0.20092773,0.29052734
293,274_5,274,0,274_5.npy,0.15,0.1,0.22949219,0.17736816,0.13305664,0.19641113,0.44506836,0.12390137,0.55566406
294,261_8,261,0,261_8.npy,0.15,0.15,0.33666992,0.48754883,0.43530273,0.42626953,0.42993164,0.16748047,0.30249023
295,85_1,85,0,85_1.npy,0.1,0.88,0.35913086,0.22729492,0.19458008,0.6699219,0.50634766,0.057281494,0.27441406
296,43_3,43,0,43_3.npy,0.1,0.05,0.19787598,0.08123779,0.2536621,0.28979492,0.43481445,0.072265625,0.51171875
297,44_5,44,0,44_5.npy,0.1,0.15,0.16259766,0.15197754,0.20678711,0.20544434,0.44067383,0.051452637,0.24060059
298,246_7,246,0,246_7.npy,0.15,0.1,0.25952148,0.06323242,0.17834473,0.20336914,0.43676758,0.13244629,0.2692871
299,59_3,59,0,59_3.npy,0.15,0.85,0.31982422,0.19433594,0.14807129,0.38793945,0.4658203,0.11981201,0.47973633
300,308_6,308,0,308_6.npy,0.15,0.15,0.3022461,0.07922363,0.16296387,0.3095703,0.46044922,0.055603027,0.44702148
301,310_4,310,0,310_4.npy,0.15,0.1,0.27905273,0.21386719,0.10070801,0.27661133,0.44213867,0.1227417,0.265625
302,268_1,268,0,268_1.npy,0.15,0.1,0.36523438,0.10247803,0.21899414,0.30908203,0.41552734,0.083862305,0.14331055
303,61_2,61,0,61_2.npy,0.12,0.85,0.32104492,0.07556152,0.11199951,0.38085938,0.45922852,0.053710938,0.46533203
304,96_2,96,0,96_2.npy,0.15,0.1,0.39746094,0.13366699,0.30322266,0.20800781,0.43969727,0.098083496,0.25610352
305,43_1,43,0,43_1.npy,0.15,0.05,0.1862793,0.066223145,0.22485352,0.37646484,0.41601562,0.07751465,0.19006348
306,259_5,259,0,259_5.npy,0.12,0.85,0.49072266,0.21130371,0.2631836,0.43969727,0.42382812,0.06439209,0.4519043
307,48_1,48,0,48_1.npy,0.18,0.85,0.5493164,0.5644531,0.7236328,0.64697266,0.44555664,0.4567871,0.7158203
308,105_5,105,0,105_5.npy,0.15,0.85,0.25341797,0.22375488,0.1427002,0.3491211,0.43725586,0.118774414,0.5366211
309,215_5,215,0,215_5.npy,0.1,0.1,0.25732422,0.22460938,0.19592285,0.3100586,0.45874023,0.03515625,0.6269531
310,81_5,81,0,81_5.npy,0.12,0.15,0.31933594,0.3461914,0.4099121,0.2409668,0.4345703,0.13562012,0.34448242
311,18_6,18,0,18_6.npy,0.15,0.15,0.34350586,0.08123779,0.40112305,0.3725586,0.41992188,0.2919922,0.25097656
312,68_3,68,1,68_3.npy,0.18,0.82,0.49853516,0.63720703,0.59814453,0.66308594,0.44213867,0.41674805,0.64208984
313,270_2,270,0,270_2.npy,0.85,0.85,0.44702148,0.29785156,0.42919922,0.83154297,0.51953125,0.098083496,0.5854492
314,181_1,181,1,181_1.npy,0.15,0.92,0.5991211,0.6064453,0.59472656,0.6225586,0.4663086,0.15625,0.3774414
315,175_5,175,1,175_5.npy,0.15,0.15,0.57373047,0.4404297,0.4873047,0.8183594,0.53515625,0.41088867,0.5161133
316,100_3,100,0,100_3.npy,0.12,0.1,0.29663086,0.16711426,0.14733887,0.28515625,0.4699707,0.13830566,0.09283447
317,77_4,77,0,77_4.npy,0.15,0.82,0.26660156,0.12145996,0.08105469,0.35498047,0.44580078,0.06008911,0.19128418
318,66_4,66,0,66_4.npy,0.1,0.05,0.34570312,0.08416748,0.06903076,0.20690918,0.42114258,0.107788086,0.19592285
319,75_2,75,0,75_2.npy,0.12,0.15,0.22106934,0.09979248,0.10247803,0.5292969,0.44873047,0.04663086,0.22351074
320,183_4,183,0,183_4.npy,0.15,0.15,0.20178223,0.07409668,0.07849121,0.24707031,0.43652344,0.04714966,0.3022461
321,174_5,174,0,174_5.npy,0.12,0.85,0.29077148,0.26367188,0.17163086,0.43188477,0.44726562,0.2680664,0.24694824
322,46_2,46,0,46_2.npy,0.12,0.15,0.1973877,0.07104492,0.07904053,0.17333984,0.43066406,0.045959473,0.040008545
323,91_2,91,0,91_2.npy,0.15,0.1,0.17626953,0.04385376,0.109680176,0.18261719,0.42456055,0.04510498,0.07183838
324,3_4,3,0,3_4.npy,0.1,0.15,0.5366211,0.58203125,0.3491211,0.5102539,0.44311523,0.10449219,0.57470703
325,39_1,39,0,39_1.npy,0.15,0.05,0.43969727,0.1484375,0.23425293,0.23510742,0.41625977,0.1015625,0.4230957
326,264_1,264,0,264_1.npy,0.12,0.15,0.23010254,0.14770508,0.3330078,0.29370117,0.43896484,0.049957275,0.20092773
327,212_4,212,0,212_4.npy,0.12,0.82,0.3786621,0.29492188,0.23059082,0.95947266,0.5444336,0.25048828,0.48535156
328,13_6,13,0,13_6.npy,0.15,0.05,0.1796875,0.1015625,0.26416016,0.18969727,0.43676758,0.0647583,0.4892578
329,80_2,80,1,80_2.npy,0.85,0.88,0.6333008,0.6020508,0.77685547,0.7421875,0.5078125,0.6489258,0.5493164
330,31_3,31,1,31_3.npy,0.85,0.85,0.4033203,0.25561523,0.2939453,0.6064453,0.4675293,0.22131348,0.53564453
331,98_1,98,0,98_1.npy,0.15,0.15,0.28833008,0.09967041,0.07409668,0.29785156,0.44311523,0.0362854,0.25854492
332,39_1,39,0,39_1.npy,0.15,0.05,0.43969727,0.1484375,0.23425293,0.23510742,0.41625977,0.1015625,0.4230957
333,115_3,115,0,115_3.npy,0.12,0.15,0.33789062,0.30786133,0.6303711,0.69433594,0.51416016,0.2133789,0.49365234
334,60_5,60,0,60_5.npy,0.15,0.95,0.70654297,0.22436523,0.23217773,0.5024414,0.43823242,0.19702148,0.53271484
335,270_2,270,0,270_2.npy,0.85,0.85,0.44702148,0.29785156,0.42919922,0.83154297,0.51953125,0.098083496,0.5854492
336,168_1,168,0,168_1.npy,0.12,0.15,0.21398926,0.12683105,0.08270264,0.41308594,0.42700195,0.111816406,0.16516113
337,190_4,190,0,190_4.npy,0.12,0.15,0.2697754,0.10089111,0.10015869,0.1640625,0.4326172,0.07397461,0.57910156
338,68_5,68,0,68_5.npy,0.12,0.15,0.4248047,0.33422852,0.5683594,0.9423828,0.51660156,0.0803833,0.48364258
339,98_1,98,0,98_1.npy,0.15,0.15,0.28833008,0.09967041,0.07409668,0.29785156,0.44311523,0.0362854,0.25854492
340,158_4,158,0,158_4.npy,0.15,0.15,0.1763916,0.06964111,0.17492676,0.2944336,0.44433594,0.04751587,0.14685059
341,263_2,263,0,263_2.npy,0.15,0.15,0.22827148,0.113586426,0.10821533,0.39575195,0.5229492,0.07501221,0.3955078
342,66_1,66,1,66_1.npy,0.15,0.85,0.44580078,0.26611328,0.37182617,0.49438477,0.45288086,0.26733398,0.4716797
343,310_1,310,0,310_1.npy,0.72,0.85,0.21765137,0.062927246,0.0982666,0.15002441,0.4338379,0.074645996,0.23706055
344,103_1,103,1,103_1.npy,0.12,0.1,0.44702148,0.38110352,0.51464844,0.5058594,0.44555664,0.28149414,0.18823242
345,278_2,278,0,278_2.npy,0.15,0.1,0.3317871,0.13769531,0.19519043,0.26904297,0.44604492,0.21936035,0.18286133
346,105_2,105,0,105_2.npy,0.85,0.82,0.28515625,0.1352539,0.19104004,0.3774414,0.4453125,0.14672852,0.5732422
347,21_2,21,0,21_2.npy,0.15,0.1,0.21679688,0.1673584,0.07696533,0.20324707,0.4345703,0.04360962,0.37670898
348,301_2,301,0,301_2.npy,0.15,0.1,0.15283203,0.07946777,0.12402344,0.17089844,0.43969727,0.03869629,0.18359375
349,305_1,305,0,305_1.npy,0.15,0.15,0.27954102,0.16101074,0.27001953,0.31445312,0.4230957,0.09686279,0.50146484
350,110_2,110,0,110_2.npy,0.15,0.05,0.3137207,0.27539062,0.19396973,0.28515625,0.45092773,0.13256836,0.1796875
351,43_1,43,0,43_1.npy,0.15,0.05,0.1862793,0.066223145,0.22485352,0.37646484,0.41601562,0.07751465,0.19006348
352,64_2,64,0,64_2.npy,0.85,0.85,0.46655273,0.5419922,0.36669922,0.8671875,0.53515625,0.28979492,0.39575195
353,2_4,2,0,2_4.npy,0.15,0.85,0.27563477,0.19824219,0.40820312,0.38549805,0.42651367,0.12231445,0.5307617
354,69_3,69,0,69_3.npy,0.15,0.1,0.38183594,0.24145508,0.18725586,0.7270508,0.50341797,0.15026855,0.2529297
355,65_5,65,0,65_5.npy,0.85,0.88,0.49194336,0.0993042,0.17175293,0.27807617,0.4243164,0.20092773,0.29052734
356,117_2,117,0,117_2.npy,0.12,0.85,0.50390625,0.42822266,0.58496094,0.9350586,0.52978516,0.24255371,0.3635254
357,86_2,86,0,86_2.npy,0.15,0.15,0.31982422,0.19873047,0.26660156,0.41577148,0.4506836,0.072265625,0.39038086
358,169_7,169,0,169_7.npy,0.12,0.15,0.22973633,0.10632324,0.1583252,0.20605469,0.4453125,0.13647461,0.30639648
359,21_3,21,0,21_3.npy,0.12,0.1,0.22973633,0.095336914,0.13134766,0.1430664,0.43652344,0.06222534,0.2668457
360,304_6,304,0,304_6.npy,0.15,0.1,0.18908691,0.17236328,0.51123047,0.43579102,0.48266602,0.13098145,0.40698242
361,13_1,13,0,13_1.npy,0.12,0.15,0.22521973,0.14294434,0.08898926,0.34545898,0.4416504,0.15588379,0.08880615
362,20_2,20,0,20_2.npy,0.15,0.85,0.30615234,0.5239258,0.16516113,0.49536133,0.47338867,0.31396484,0.52734375
363,292_3,292,0,292_3.npy,0.15,0.15,0.24072266,0.24206543,0.17675781,0.51123047,0.4423828,0.077941895,0.28515625
364,31_6,31,0,31_6.npy,0.15,0.1,0.56689453,0.37451172,0.3005371,0.9511719,0.5307617,0.27905273,0.43115234
365,59_3,59,0,59_3.npy,0.15,0.85,0.31982422,0.19433594,0.14807129,0.38793945,0.4658203,0.11981201,0.47973633
366,295_3,295,0,295_3.npy,0.12,0.9,0.19421387,0.5595703,0.29638672,0.5654297,0.49609375,0.60498047,0.49804688
367,279_9,279,1,279_9.npy,0.15,0.1,0.24731445,0.09448242,0.112976074,0.16479492,0.43017578,0.066101074,0.43945312
368,92_4,92,0,92_4.npy,0.15,0.85,0.38500977,0.55126953,0.52001953,0.5654297,0.50683594,0.1439209,0.31054688
369,136_1,136,0,136_1.npy,0.1,0.15,0.25854492,0.087890625,0.09075928,0.3388672,0.4194336,0.10858154,0.061309814
370,35_2,35,0,35_2.npy,0.85,0.85,0.48046875,0.5366211,0.5961914,0.5908203,0.4375,0.31152344,0.75341797
371,139_3,139,0,139_3.npy,0.15,0.05,0.19238281,0.19665527,0.21655273,0.39941406,0.4272461,0.08758545,0.040008545
372,259_5,259,0,259_5.npy,0.12,0.85,0.49072266,0.21130371,0.2631836,0.43969727,0.42382812,0.06439209,0.4519043
373,174_10,174,0,174_10.npy,0.12,0.82,0.17651367,0.09075928,0.07989502,0.24511719,0.4555664,0.027908325,0.27075195
374,301_3,301,0,301_3.npy,0.15,0.15,0.24633789,0.26660156,0.26831055,0.31860352,0.43579102,0.06878662,0.29248047
375,61_2,61,0,61_2.npy,0.12,0.85,0.32104492,0.07556152,0.11199951,0.38085938,0.45922852,0.053710938,0.46533203
376,17_6,17,0,17_6.npy,0.1,0.15,0.18237305,0.16772461,0.091552734,0.22827148,0.44262695,0.092041016,0.4152832
377,113_1,113,0,113_1.npy,0.12,0.85,0.20983887,0.4621582,0.11199951,0.3515625,0.4729004,0.059539795,0.21520996
378,105_6,105,0,105_6.npy,0.12,0.85,0.23913574,0.24902344,0.31689453,0.2919922,0.43164062,0.16015625,0.06842041
379,10_9,10,1,10_9.npy,0.15,0.15,0.37109375,0.2401123,0.15661621,0.4609375,0.4338379,0.043273926,0.19885254
380,102_3,102,0,102_3.npy,0.15,0.85,0.49267578,0.5698242,0.7446289,0.8769531,0.5283203,0.5395508,0.6098633
381,35_10,35,0,35_10.npy,0.15,0.15,0.36401367,0.39672852,0.2944336,0.47460938,0.45361328,0.10321045,0.39331055
382,70_2,70,0,70_2.npy,0.15,0.85,0.52734375,0.32080078,0.18408203,0.86376953,0.54589844,0.14318848,0.35766602
383,256_1,256,0,256_1.npy,0.15,0.1,0.3244629,0.16772461,0.18225098,0.85791016,0.55029297,0.32910156,0.4658203
384,61_5,61,0,61_5.npy,0.15,0.1,0.62353516,0.4128418,0.6303711,0.76123047,0.47485352,0.36279297,0.4440918
385,56_3,56,0,56_3.npy,0.12,0.85,0.3461914,0.14294434,0.25317383,0.43823242,0.44580078,0.08929443,0.61279297
386,91_2,91,0,91_2.npy,0.15,0.1,0.17626953,0.04385376,0.109680176,0.18261719,0.42456055,0.04510498,0.07183838
387,105_1,105,0,105_1.npy,0.12,0.82,0.22766113,0.08270264,0.057495117,0.2331543,0.44921875,0.060302734,0.49829102
388,165_1,165,0,165_1.npy,0.15,0.1,0.16381836,0.10821533,0.111816406,0.14746094,0.43579102,0.10430908,0.5029297
389,277_3,277,0,277_3.npy,0.15,0.15,0.31567383,0.1784668,0.17053223,0.62353516,0.53808594,0.12054443,0.45214844
390,138_6,138,0,138_6.npy,0.12,0.15,0.1973877,0.076416016,0.18920898,0.22949219,0.41723633,0.074645996,0.034088135
391,81_2,81,0,81_2.npy,0.12,0.1,0.23657227,0.1116333,0.06842041,0.21154785,0.43359375,0.0993042,0.36572266
392,113_3,113,0,113_3.npy,0.15,0.15,0.35229492,0.14086914,0.09893799,0.21655273,0.48242188,0.046539307,0.4033203
393,280_5,280,0,280_5.npy,0.85,0.85,0.49902344,0.3737793,0.39770508,0.8876953,0.5175781,0.4729004,0.6113281
394,299_3,299,0,299_3.npy,0.15,0.15,0.2998047,0.08679199,0.19958496,0.3564453,0.45458984,0.049865723,0.12670898
395,91_2,91,0,91_2.npy,0.15,0.1,0.17626953,0.04385376,0.109680176,0.18261719,0.42456055,0.04510498,0.07183838
396,188_2,188,0,188_2.npy,0.12,0.05,0.17138672,0.16174316,0.12023926,0.2088623,0.43115234,0.04534912,0.040374756
397,35_7,35,0,35_7.npy,0.15,0.85,0.6074219,0.640625,0.6279297,0.67871094,0.44677734,0.55859375,0.4194336
398,234_4,234,0,234_4.npy,0.15,0.1,0.24804688,0.1739502,0.06524658,0.35986328,0.40771484,0.052703857,0.07489014
399,39_2,39,0,39_2.npy,0.12,0.88,0.39282227,0.116760254,0.19812012,0.29907227,0.46118164,0.07946777,0.47973633
400,227_1,227,0,227_1.npy,0.88,0.85,0.3461914,0.22424316,0.44506836,0.31640625,0.43310547,0.2232666,0.35131836
401,301_3,301,0,301_3.npy,0.15,0.15,0.24633789,0.26660156,0.26831055,0.31860352,0.43579102,0.06878662,0.29248047
402,78_1,78,0,78_1.npy,0.15,0.85,0.28588867,0.18481445,0.2763672,0.31152344,0.42651367,0.07434082,0.13586426
403,114_2,114,0,114_2.npy,0.12,0.15,0.20007324,0.06561279,0.11395264,0.18920898,0.44140625,0.053985596,0.41918945
404,28_1,28,0,28_1.npy,0.88,0.92,0.26660156,0.13232422,0.11218262,0.28271484,0.43359375,0.07489014,0.5966797
405,185_3,185,1,185_3.npy,0.1,0.1,0.4711914,0.12927246,0.4501953,0.37329102,0.44091797,0.14990234,0.26660156
406,75_2,75,0,75_2.npy,0.12,0.15,0.22106934,0.09979248,0.10247803,0.5292969,0.44873047,0.04663086,0.22351074
407,56_5,56,0,56_5.npy,0.7,0.1,0.4411621,0.17272949,0.14013672,0.4975586,0.44750977,0.17626953,0.52490234
408,21_4,21,0,21_4.npy,0.15,0.1,0.21484375,0.33154297,0.24902344,0.26049805,0.4560547,0.05331421,0.2434082
409,115_1,115,0,115_1.npy,0.15,0.1,0.29223633,0.24902344,0.4260254,0.41845703,0.46972656,0.07196045,0.36987305
410,26_3,26,0,26_3.npy,0.05,0.1,0.3334961,0.093322754,0.42456055,0.37158203,0.42260742,0.09350586,0.18188477
411,28_3,28,0,28_3.npy,0.15,0.85,0.4885254,0.44873047,0.52441406,0.49121094,0.44311523,0.19885254,0.4909668
412,158_4,158,0,158_4.npy,0.15,0.15,0.1763916,0.06964111,0.17492676,0.2944336,0.44433594,0.04751587,0.14685059
413,136_2,136,0,136_2.npy,0.15,0.82,0.37890625,0.27319336,0.17907715,0.5449219,0.44702148,0.13232422,0.27124023
414,258_1,258,1,258_1.npy,0.85,0.85,0.27319336,0.21569824,0.26098633,0.4338379,0.44604492,0.12176514,0.62353516
415,255_2,255,0,255_2.npy,0.12,0.1,0.19396973,0.05319214,0.091552734,0.19555664,0.43798828,0.07006836,0.43579102
416,246_7,246,0,246_7.npy,0.15,0.1,0.25952148,0.06323242,0.17834473,0.20336914,0.43676758,0.13244629,0.2692871
417,94_2,94,0,94_2.npy,0.12,0.85,0.16955566,0.08093262,0.048950195,0.21887207,0.44482422,0.042388916,0.20349121
418,154_2,154,0,154_2.npy,0.15,0.1,0.17114258,0.10559082,0.08959961,0.3059082,0.43481445,0.07489014,0.29736328
419,3_3,3,0,3_3.npy,0.15,0.85,0.3947754,0.21765137,0.22607422,0.4892578,0.45874023,0.12512207,0.34155273
420,194_2,194,0,194_2.npy,0.15,0.82,0.5649414,0.52685547,0.72216797,0.84716797,0.5439453,0.74316406,0.51464844
421,53_1,53,0,53_1.npy,0.85,0.85,0.6801758,0.5131836,0.5883789,0.57910156,0.4248047,0.625,0.19042969
422,104_4,104,0,104_4.npy,0.15,0.15,0.37817383,0.2055664,0.7548828,0.28979492,0.4165039,0.08105469,0.55126953
423,280_7,280,0,280_7.npy,0.75,0.85,0.47705078,0.21240234,0.34350586,0.5625,0.46948242,0.31713867,0.6113281
424,308_1,308,0,308_1.npy,0.12,0.15,0.23510742,0.1217041,0.12817383,0.17163086,0.43164062,0.072631836,0.4777832
425,292_7,292,0,292_7.npy,0.12,0.82,0.26879883,0.22644043,0.4814453,0.8613281,0.53222656,0.2998047,0.4711914
426,169_7,169,0,169_7.npy,0.12,0.15,0.22973633,0.10632324,0.1583252,0.20605469,0.4453125,0.13647461,0.30639648
427,13_1,13,0,13_1.npy,0.12,0.15,0.22521973,0.14294434,0.08898926,0.34545898,0.4416504,0.15588379,0.08880615
428,218_3,218,0,218_3.npy,0.12,0.85,0.48291016,0.5083008,0.22644043,0.9663086,0.5415039,0.27685547,0.5595703
429,56_9,56,0,56_9.npy,0.1,0.9,0.3503418,0.52978516,0.2541504,0.42529297,0.44604492,0.107055664,0.6821289
430,263_2,263,0,263_2.npy,0.15,0.15,0.22827148,0.113586426,0.10821533,0.39575195,0.5229492,0.07501221,0.3955078
431,167_2,167,0,167_2.npy,0.15,0.15,0.3569336,0.0491333,0.081970215,0.5761719,0.49389648,0.03488159,0.265625
432,268_1,268,0,268_1.npy,0.15,0.1,0.36523438,0.10247803,0.21899414,0.30908203,0.41552734,0.083862305,0.14331055
433,208_2,208,1,208_2.npy,0.12,0.15,0.6821289,0.5336914,0.5107422,0.64746094,0.5019531,0.57910156,0.40966797
434,260_2,260,0,260_2.npy,0.15,0.15,0.17675781,0.21679688,0.074523926,0.22436523,0.4284668,0.06732178,0.29858398
435,307_2,307,0,307_2.npy,0.15,0.8,0.40844727,0.42211914,0.37939453,0.44995117,0.4543457,0.09515381,0.17480469
436,13_5,13,0,13_5.npy,0.15,0.1,0.20422363,0.35620117,0.51904297,0.58691406,0.46069336,0.121154785,0.14624023
437,218_1,218,0,218_1.npy,0.05,0.1,0.19848633,0.1381836,0.076416016,0.31152344,0.42089844,0.098083496,0.12072754
438,222_2,222,0,222_2.npy,0.72,0.8,0.4584961,0.31030273,0.37475586,0.65722656,0.5390625,0.23156738,0.50146484
439,31_5,31,0,31_5.npy,0.15,0.1,0.2915039,0.31152344,0.24438477,0.7246094,0.49145508,0.18188477,0.35424805
440,35_9,35,0,35_9.npy,0.12,0.85,0.31713867,0.2163086,0.11419678,0.31567383,0.43969727,0.14086914,0.5185547
441,100_2,100,0,100_2.npy,0.12,0.85,0.19067383,0.0703125,0.035217285,0.29711914,0.44360352,0.048858643,0.14697266
442,240_7,240,0,240_7.npy,0.12,0.1,0.4411621,0.13891602,0.07763672,0.2614746,0.40234375,0.18737793,0.37719727
443,70_1,70,0,70_1.npy,0.15,0.12,0.29541016,0.13085938,0.05770874,0.30444336,0.43945312,0.03326416,0.35620117
444,81_4,81,0,81_4.npy,0.15,0.1,0.50097656,0.24401855,0.3852539,0.39013672,0.43969727,0.077941895,0.6904297
445,51_2,51,0,51_2.npy,0.15,0.2,0.16601562,0.14160156,0.08416748,0.15991211,0.4321289,0.10144043,0.0803833
446,93_3,93,1,93_3.npy,0.15,0.15,0.5341797,0.6567383,0.57177734,0.73046875,0.5180664,0.5859375,0.47998047
447,162_7,162,0,162_7.npy,0.15,0.15,0.16516113,0.14941406,0.10107422,0.123046875,0.4465332,0.051361084,0.28833008
448,290_8,290,0,290_8.npy,0.15,0.8,0.28857422,0.4416504,0.39794922,0.9501953,0.52441406,0.21325684,0.5410156
449,70_2,70,0,70_2.npy,0.15,0.85,0.52734375,0.32080078,0.18408203,0.86376953,0.54589844,0.14318848,0.35766602
450,284_13,284,0,284_13.npy,0.15,0.1,0.28979492,0.18530273,0.18493652,0.62109375,0.45825195,0.10089111,0.3046875
451,122_3,122,0,122_3.npy,0.12,0.85,0.5283203,0.19714355,0.26708984,0.75634766,0.4970703,0.1763916,0.51708984
452,69_2,69,1,69_2.npy,0.12,0.85,0.22106934,0.5048828,0.46435547,0.38989258,0.4333496,0.07739258,0.5498047
453,50_7,50,0,50_7.npy,0.12,0.92,0.28637695,0.42993164,0.18652344,0.6669922,0.5263672,0.18371582,0.4152832
454,25_5,25,0,25_5.npy,0.12,0.1,0.27807617,0.14074707,0.09503174,0.22180176,0.4423828,0.10467529,0.076538086
455,63_2,63,0,63_2.npy,0.12,0.15,0.4099121,0.2927246,0.20336914,0.24938965,0.43041992,0.10858154,0.18481445
456,293_3,293,0,293_3.npy,0.15,0.1,0.41625977,0.5732422,0.7626953,0.8774414,0.52734375,0.25561523,0.5307617
457,114_3,114,1,114_3.npy,0.22,0.85,0.7006836,0.61376953,0.6621094,0.9760742,0.54248047,0.4506836,0.54248047
458,96_3,96,0,96_3.npy,0.15,0.1,0.2626953,0.57958984,0.40014648,0.78759766,0.5214844,0.13745117,0.38891602
459,162_2,162,0,162_2.npy,0.12,0.1,0.1850586,0.058135986,0.13098145,0.13757324,0.43066406,0.045959473,0.098083496
460,161_1,161,1,161_1.npy,0.15,0.85,0.5961914,0.6118164,0.5878906,0.6142578,0.46142578,0.16259766,0.39819336
461,105_2,105,0,105_2.npy,0.85,0.82,0.28515625,0.1352539,0.19104004,0.3774414,0.4453125,0.14672852,0.5732422
462,4_1,4,0,4_1.npy,0.2,0.15,0.54833984,0.49902344,0.5498047,0.89990234,0.5390625,0.23181152,0.47021484
463,310_1,310,0,310_1.npy,0.72,0.85,0.21765137,0.062927246,0.0982666,0.15002441,0.4338379,0.074645996,0.23706055
464,289_5,289,0,289_5.npy,0.15,0.8,0.51171875,0.5551758,0.5751953,0.87646484,0.5449219,0.20214844,0.4399414
465,13_5,13,0,13_5.npy,0.15,0.1,0.20422363,0.35620117,0.51904297,0.58691406,0.46069336,0.121154785,0.14624023
466,10_5,10,0,10_5.npy,0.15,0.05,0.19946289,0.066223145,0.085998535,0.15771484,0.4453125,0.111816406,0.3466797
467,168_2,168,0,168_2.npy,0.1,0.1,0.171875,0.15734863,0.11456299,0.20935059,0.43188477,0.043762207,0.041778564
468,94_2,94,0,94_2.npy,0.12,0.85,0.16955566,0.08093262,0.048950195,0.21887207,0.44482422,0.042388916,0.20349121
469,253_5,253,0,253_5.npy,0.15,0.1,0.34716797,0.22460938,0.140625,0.29711914,0.4440918,0.10839844,0.19714355
470,195_4,195,0,195_4.npy,0.15,0.15,0.17871094,0.0803833,0.12072754,0.16223145,0.43164062,0.040985107,0.04559326
471,95_1,95,0,95_1.npy,0.15,0.15,0.21386719,0.09844971,0.60498047,0.21655273,0.4423828,0.08880615,0.3322754
472,301_5,301,0,301_5.npy,0.12,0.1,0.45214844,0.45117188,0.5541992,0.4675293,0.4375,0.12927246,0.48339844
473,111_1,111,0,111_1.npy,0.12,0.15,0.42456055,0.22424316,0.6660156,0.7192383,0.5209961,0.22033691,0.5800781
474,278_3,278,0,278_3.npy,0.15,0.15,0.17810059,0.13439941,0.15893555,0.18103027,0.43408203,0.09106445,0.25195312
475,60_1,60,0,60_1.npy,0.15,0.05,0.30981445,0.23376465,0.099487305,0.4267578,0.4440918,0.13146973,0.44970703
476,90_1,90,0,90_1.npy,0.12,0.85,0.23547363,0.16955566,0.52001953,0.4086914,0.42260742,0.14904785,0.13562012
477,41_3,41,0,41_3.npy,0.12,0.05,0.17883301,0.07989502,0.25805664,0.4699707,0.45043945,0.051086426,0.2841797
478,308_1,308,0,308_1.npy,0.12,0.15,0.23510742,0.1217041,0.12817383,0.17163086,0.43164062,0.072631836,0.4777832
479,139_1,139,0,139_1.npy,0.15,0.1,0.24328613,0.23474121,0.08508301,0.27441406,0.4572754,0.14379883,0.19909668
480,169_7,169,0,169_7.npy,0.12,0.15,0.22973633,0.10632324,0.1583252,0.20605469,0.4453125,0.13647461,0.30639648
481,250_1,250,1,250_1.npy,0.15,0.1,0.28222656,0.15002441,0.40844727,0.31469727,0.46118164,0.06439209,0.3076172
482,278_3,278,0,278_3.npy,0.15,0.15,0.17810059,0.13439941,0.15893555,0.18103027,0.43408203,0.09106445,0.25195312
483,25_7,25,0,25_7.npy,0.12,0.78,0.2614746,0.24279785,0.1328125,0.29858398,0.42529297,0.113586426,0.45336914
484,10_10,10,0,10_10.npy,0.12,0.15,0.234375,0.27075195,0.21154785,0.32250977,0.44067383,0.042633057,0.24255371
485,92_2,92,1,92_2.npy,0.12,0.85,0.48657227,0.5605469,0.5629883,0.56640625,0.47143555,0.44970703,0.35620117
486,62_3,62,0,62_3.npy,0.12,0.85,0.2578125,0.14404297,0.20947266,0.2421875,0.4482422,0.1517334,0.35595703
487,299_1,299,0,299_1.npy,0.12,0.1,0.18493652,0.07354736,0.09387207,0.18591309,0.43286133,0.055725098,0.26220703
488,21_2,21,0,21_2.npy,0.15,0.1,0.21679688,0.1673584,0.07696533,0.20324707,0.4345703,0.04360962,0.37670898
489,163_2,163,0,163_2.npy,0.12,0.82,0.24377441,0.12988281,0.05822754,0.32006836,0.4260254,0.11578369,0.1463623
490,308_6,308,0,308_6.npy,0.15,0.15,0.3022461,0.07922363,0.16296387,0.3095703,0.46044922,0.055603027,0.44702148
491,153_5,153,0,153_5.npy,0.85,0.85,0.38745117,0.20544434,0.19116211,0.24816895,0.4091797,0.0692749,0.09552002
492,11_6,11,0,11_6.npy,0.12,0.85,0.23254395,0.37890625,0.39453125,0.50097656,0.44335938,0.09234619,0.56884766
493,252_5,252,0,252_5.npy,0.1,0.15,0.22253418,0.07385254,0.14453125,0.20593262,0.47387695,0.025619507,0.28100586
494,261_8,261,0,261_8.npy,0.15,0.15,0.33666992,0.48754883,0.43530273,0.42626953,0.42993164,0.16748047,0.30249023
495,162_7,162,0,162_7.npy,0.15,0.15,0.16516113,0.14941406,0.10107422,0.123046875,0.4465332,0.051361084,0.28833008
496,77_1,77,0,77_1.npy,0.05,0.1,0.26782227,0.07977295,0.13122559,0.25952148,0.42578125,0.14001465,0.101257324
497,26_3,26,0,26_3.npy,0.05,0.1,0.3334961,0.093322754,0.42456055,0.37158203,0.42260742,0.09350586,0.18188477
498,267_1,267,0,267_1.npy,0.12,0.15,0.20996094,0.16760254,0.066589355,0.23022461,0.4375,0.04510498,0.4560547
499,198_1,198,0,198_1.npy,0.15,0.1,0.37573242,0.07598877,0.15515137,0.37768555,0.42504883,0.07611084,0.4033203
500,103_2,103,0,103_2.npy,0.15,0.85,0.23156738,0.17346191,0.07434082,0.17700195,0.43774414,0.060516357,0.26098633
501,253_4,253,0,253_4.npy,0.12,0.15,0.20092773,0.066345215,0.12402344,0.21350098,0.41967773,0.061431885,0.0770874
502,163_4,163,0,163_4.npy,0.12,0.1,0.19494629,0.057281494,0.088012695,0.2680664,0.44091797,0.033966064,0.023956299
503,25_3,25,0,25_3.npy,0.15,0.85,0.25854492,0.14904785,0.12200928,0.20678711,0.43041992,0.06451416,0.20593262
504,43_3,43,0,43_3.npy,0.1,0.05,0.19787598,0.08123779,0.2536621,0.28979492,0.43481445,0.072265625,0.51171875
505,154_2,154,0,154_2.npy,0.15,0.1,0.17114258,0.10559082,0.08959961,0.3059082,0.43481445,0.07489014,0.29736328
506,260_3,260,0,260_3.npy,0.12,0.1,0.17822266,0.06756592,0.049682617,0.26782227,0.4326172,0.05911255,0.108947754
507,85_3,85,0,85_3.npy,0.82,0.85,0.28588867,0.3527832,0.14160156,0.37109375,0.43945312,0.15246582,0.2854004
508,183_7,183,0,183_7.npy,0.15,0.15,0.43774414,0.2854004,0.10266113,0.7167969,0.54345703,0.11553955,0.5541992
509,53_2,53,1,53_2.npy,0.15,0.9,0.28979492,0.13671875,0.65527344,0.20324707,0.4296875,0.10015869,0.57714844
510,113_3,113,0,113_3.npy,0.15,0.15,0.35229492,0.14086914,0.09893799,0.21655273,0.48242188,0.046539307,0.4033203
511,183_2,183,1,183_2.npy,0.15,0.15,0.28857422,0.23791504,0.1451416,0.3659668,0.4519043,0.04788208,0.2055664
512,235_4,235,0,235_4.npy,0.15,0.15,0.3256836,0.24145508,0.2322998,0.5371094,0.4711914,0.08538818,0.22241211
513,265_1,265,0,265_1.npy,0.15,0.1,0.28833008,0.1348877,0.48339844,0.5463867,0.4482422,0.06524658,0.24304199
514,258_3,258,0,258_3.npy,0.15,0.1,0.2541504,0.19665527,0.22265625,0.39648438,0.45166016,0.04849243,0.24731445
515,190_4,190,0,190_4.npy,0.12,0.15,0.2697754,0.10089111,0.10015869,0.1640625,0.4326172,0.07397461,0.57910156
516,86_1,86,1,86_1.npy,0.82,0.85,0.72802734,0.6899414,0.6801758,0.6333008,0.5048828,0.6567383,0.33642578
517,167_2,167,0,167_2.npy,0.15,0.15,0.3569336,0.0491333,0.081970215,0.5761719,0.49389648,0.03488159,0.265625
518,190_5,190,1,190_5.npy,0.12,0.15,0.22460938,0.24743652,0.112976074,0.22814941,0.44995117,0.10412598,0.265625
519,34_3,34,0,34_3.npy,0.12,0.1,0.1842041,0.14489746,0.09057617,0.1743164,0.4375,0.06781006,0.46191406
520,37_1,37,0,37_1.npy,0.82,0.88,0.6323242,0.6870117,0.8105469,0.50927734,0.5263672,0.7993164,0.63427734
521,272_4,272,0,272_4.npy,0.15,0.1,0.16430664,0.078063965,0.13842773,0.17700195,0.4296875,0.0592041,0.2265625
522,21_1,21,0,21_1.npy,0.12,0.2,0.27539062,0.4309082,0.12658691,0.46875,0.46801758,0.05166626,0.24047852
523,240_7,240,0,240_7.npy,0.12,0.1,0.4411621,0.13891602,0.07763672,0.2614746,0.40234375,0.18737793,0.37719727
524,71_2,71,0,71_2.npy,0.15,0.15,0.28149414,0.061309814,0.46142578,0.30249023,0.42285156,0.14440918,0.49829102
525,41_3,41,0,41_3.npy,0.12,0.05,0.17883301,0.07989502,0.25805664,0.4699707,0.45043945,0.051086426,0.2841797
526,114_5,114,1,114_5.npy,0.85,0.88,0.40112305,0.625,0.81933594,0.59765625,0.50390625,0.47021484,0.57177734
527,259_5,259,0,259_5.npy,0.12,0.85,0.49072266,0.21130371,0.2631836,0.43969727,0.42382812,0.06439209,0.4519043
528,46_2,46,0,46_2.npy,0.12,0.15,0.1973877,0.07104492,0.07904053,0.17333984,0.43066406,0.045959473,0.040008545
529,41_1,41,0,41_1.npy,0.12,0.2,0.37451172,0.25097656,0.2692871,0.47705078,0.44604492,0.35058594,0.5390625
530,13_1,13,0,13_1.npy,0.12,0.15,0.22521973,0.14294434,0.08898926,0.34545898,0.4416504,0.15588379,0.08880615
531,151_3,151,1,151_3.npy,0.75,0.85,0.70703125,0.55908203,0.60791016,0.59716797,0.44067383,0.79248047,0.64501953
532,253_6,253,0,253_6.npy,0.15,0.15,0.30737305,0.07836914,0.1763916,0.30664062,0.44604492,0.0680542,0.47045898
533,310_4,310,0,310_4.npy,0.15,0.1,0.27905273,0.21386719,0.10070801,0.27661133,0.44213867,0.1227417,0.265625
534,84_2,84,0,84_2.npy,0.15,0.85,0.20727539,0.19897461,0.11376953,0.2590332,0.43896484,0.057373047,0.2861328
535,163_2,163,0,163_2.npy,0.12,0.82,0.24377441,0.12988281,0.05822754,0.32006836,0.4260254,0.11578369,0.1463623
536,85_4,85,0,85_4.npy,0.12,0.1,0.3647461,0.32983398,0.3190918,0.25317383,0.44018555,0.03050232,0.35131836
537,21_3,21,0,21_3.npy,0.12,0.1,0.22973633,0.095336914,0.13134766,0.1430664,0.43652344,0.06222534,0.2668457
538,185_2,185,0,185_2.npy,0.15,0.1,0.16381836,0.10821533,0.111816406,0.14746094,0.43579102,0.10430908,0.5029297
539,269_6,269,0,269_6.npy,0.18,0.8,0.33276367,0.3359375,0.33618164,0.53222656,0.45629883,0.121398926,0.36376953
540,167_2,167,0,167_2.npy,0.15,0.15,0.3569336,0.0491333,0.081970215,0.5761719,0.49389648,0.03488159,0.265625
541,72_1,72,0,72_1.npy,0.12,0.15,0.28881836,0.08331299,0.33398438,0.26171875,0.42382812,0.058013916,0.40429688
542,25_7,25,0,25_7.npy,0.12,0.78,0.2614746,0.24279785,0.1328125,0.29858398,0.42529297,0.113586426,0.45336914
543,240_8,240,0,240_8.npy,0.12,0.1,0.27441406,0.27539062,0.15905762,0.29125977,0.41967773,0.19311523,0.09979248
544,258_2,258,0,258_2.npy,0.15,0.1,0.2824707,0.035491943,0.2956543,0.5180664,0.4482422,0.06585693,0.16894531
545,92_4,92,0,92_4.npy,0.15,0.85,0.38500977,0.55126953,0.52001953,0.5654297,0.50683594,0.1439209,0.31054688
546,21_1,21,0,21_1.npy,0.12,0.2,0.27539062,0.4309082,0.12658691,0.46875,0.46801758,0.05166626,0.24047852
547,284_8,284,0,284_8.npy,0.15,0.1,0.46313477,0.35839844,0.32373047,0.6513672,0.48291016,0.06549072,0.29760742
548,56_1,56,0,56_1.npy,0.12,0.05,0.54296875,0.29223633,0.41088867,0.41577148,0.41918945,0.10467529,0.3864746
549,240_9,240,0,240_9.npy,0.15,0.15,0.21813965,0.08959961,0.12042236,0.24450684,0.4387207,0.037384033,0.2142334
550,68_4,68,0,68_4.npy,0.15,0.1,0.2454834,0.12597656,0.053985596,0.17553711,0.43237305,0.037322998,0.5390625
551,25_4,25,0,25_4.npy,0.1,0.15,0.3076172,0.10858154,0.14465332,0.21813965,0.4255371,0.07720947,0.24206543
552,81_5,81,0,81_5.npy,0.12,0.15,0.31933594,0.3461914,0.4099121,0.2409668,0.4345703,0.13562012,0.34448242
553,65_3,65,0,65_3.npy,0.2,0.88,0.2331543,0.14160156,0.1784668,0.26464844,0.41381836,0.091552734,0.13305664
554,77_1,77,0,77_1.npy,0.05,0.1,0.26782227,0.07977295,0.13122559,0.25952148,0.42578125,0.14001465,0.101257324
555,68_4,68,0,68_4.npy,0.15,0.1,0.2454834,0.12597656,0.053985596,0.17553711,0.43237305,0.037322998,0.5390625
556,113_3,113,0,113_3.npy,0.15,0.15,0.35229492,0.14086914,0.09893799,0.21655273,0.48242188,0.046539307,0.4033203
557,301_3,301,0,301_3.npy,0.15,0.15,0.24633789,0.26660156,0.26831055,0.31860352,0.43579102,0.06878662,0.29248047
558,230_1,230,1,230_1.npy,0.15,0.15,0.27685547,0.06719971,0.14025879,0.23095703,0.44067383,0.037475586,0.05340576
559,31_11,31,0,31_11.npy,0.05,0.1,0.27685547,0.28735352,0.1496582,0.8261719,0.5029297,0.21862793,0.4987793
560,154_1,154,0,154_1.npy,0.12,0.1,0.30639648,0.3334961,0.38452148,0.5415039,0.49731445,0.26049805,0.39379883
561,85_1,85,0,85_1.npy,0.1,0.88,0.35913086,0.22729492,0.19458008,0.6699219,0.50634766,0.057281494,0.27441406
562,284_7,284,0,284_7.npy,0.15,0.15,0.17675781,0.19836426,0.15771484,0.25756836,0.4428711,0.08135986,0.53222656
563,3_1,3,0,3_1.npy,0.12,0.85,0.42797852,0.57958984,0.49804688,0.55810547,0.47143555,0.06021118,0.2467041
564,25_3,25,0,25_3.npy,0.15,0.85,0.25854492,0.14904785,0.12200928,0.20678711,0.43041992,0.06451416,0.20593262
565,62_1,62,1,62_1.npy,0.15,0.85,0.63427734,0.47998047,0.5888672,0.68896484,0.49169922,0.52441406,0.5996094
566,71_1,71,0,71_1.npy,0.12,0.85,0.30444336,0.22851562,0.20861816,0.37329102,0.43652344,0.12878418,0.50878906
567,151_1,151,1,151_1.npy,0.15,0.85,0.69189453,0.40893555,0.74316406,0.47460938,0.43725586,0.74365234,0.7001953
568,103_2,103,0,103_2.npy,0.15,0.85,0.23156738,0.17346191,0.07434082,0.17700195,0.43774414,0.060516357,0.26098633
569,113_1,113,0,113_1.npy,0.12,0.85,0.20983887,0.4621582,0.11199951,0.3515625,0.4729004,0.059539795,0.21520996
570,308_1,308,0,308_1.npy,0.12,0.15,0.23510742,0.1217041,0.12817383,0.17163086,0.43164062,0.072631836,0.4777832
571,195_5,195,0,195_5.npy,0.15,0.15,0.24975586,0.059753418,0.10687256,0.29296875,0.4560547,0.03186035,0.37158203
572,259_2,259,0,259_2.npy,0.15,0.85,0.45751953,0.45654297,0.45654297,0.57128906,0.4399414,0.22253418,0.4248047
573,69_3,69,0,69_3.npy,0.15,0.1,0.38183594,0.24145508,0.18725586,0.7270508,0.50341797,0.15026855,0.2529297
574,162_7,162,0,162_7.npy,0.15,0.15,0.16516113,0.14941406,0.10107422,0.123046875,0.4465332,0.051361084,0.28833008
575,65_4,65,0,65_4.npy,0.12,0.15,0.2565918,0.06463623,0.089904785,0.35473633,0.4206543,0.039276123,0.14355469
576,55_6,55,0,55_6.npy,0.12,0.15,0.17944336,0.08538818,0.13757324,0.21728516,0.41992188,0.053009033,0.27783203
577,64_4,64,0,64_4.npy,0.12,0.1,0.19702148,0.0881958,0.111450195,0.16723633,0.4453125,0.06695557,0.4892578
578,102_3,102,0,102_3.npy,0.15,0.85,0.49267578,0.5698242,0.7446289,0.8769531,0.5283203,0.5395508,0.6098633
579,168_4,168,0,168_4.npy,0.12,0.15,0.18566895,0.15649414,0.035949707,0.24401855,0.44189453,0.051940918,0.20324707
580,222_1,222,0,222_1.npy,0.15,0.15,0.21484375,0.14416504,0.16503906,0.26220703,0.44848633,0.0970459,0.6665039
581,84_2,84,0,84_2.npy,0.15,0.85,0.20727539,0.19897461,0.11376953,0.2590332,0.43896484,0.057373047,0.2861328
582,39_2,39,0,39_2.npy,0.12,0.88,0.39282227,0.116760254,0.19812012,0.29907227,0.46118164,0.07946777,0.47973633
583,154_2,154,0,154_2.npy,0.15,0.1,0.17114258,0.10559082,0.08959961,0.3059082,0.43481445,0.07489014,0.29736328
584,288_8,288,0,288_8.npy,0.75,0.15,0.3359375,0.56591797,0.4777832,0.6894531,0.5151367,0.11968994,0.24853516
585,21_4,21,0,21_4.npy,0.15,0.1,0.21484375,0.33154297,0.24902344,0.26049805,0.4560547,0.05331421,0.2434082
586,284_8,284,0,284_8.npy,0.15,0.1,0.46313477,0.35839844,0.32373047,0.6513672,0.48291016,0.06549072,0.29760742
587,248_1,248,0,248_1.npy,0.12,0.85,0.32592773,0.16113281,0.2824707,0.44555664,0.54541016,0.18078613,0.46044922
588,105_6,105,0,105_6.npy,0.12,0.85,0.23913574,0.24902344,0.31689453,0.2919922,0.43164062,0.16015625,0.06842041
589,267_2,267,0,267_2.npy,0.15,0.15,0.4555664,0.12646484,0.12261963,0.3798828,0.44067383,0.07409668,0.50634766
590,183_3,183,0,183_3.npy,0.12,0.15,0.1940918,0.055511475,0.083618164,0.26708984,0.43920898,0.032348633,0.021743774
591,280_6,280,0,280_6.npy,0.82,0.88,0.5722656,0.35498047,0.46069336,0.6513672,0.47094727,0.4567871,0.6152344
592,121_4,121,0,121_4.npy,0.15,0.05,0.23254395,0.21801758,0.05441284,0.4008789,0.43359375,0.12023926,0.27514648
593,109_2,109,0,109_2.npy,0.1,0.1,0.40625,0.34716797,0.60595703,0.38916016,0.45581055,0.3166504,0.2619629
594,256_1,256,0,256_1.npy,0.15,0.1,0.3244629,0.16772461,0.18225098,0.85791016,0.55029297,0.32910156,0.4658203
595,258_2,258,0,258_2.npy,0.15,0.1,0.2824707,0.035491943,0.2956543,0.5180664,0.4482422,0.06585693,0.16894531
596,227_1,227,0,227_1.npy,0.88,0.85,0.3461914,0.22424316,0.44506836,0.31640625,0.43310547,0.2232666,0.35131836
597,168_2,168,0,168_2.npy,0.1,0.1,0.171875,0.15734863,0.11456299,0.20935059,0.43188477,0.043762207,0.041778564
598,261_2,261,0,261_2.npy,0.15,0.15,0.2512207,0.060424805,0.08850098,0.16149902,0.43164062,0.053497314,0.30322266
599,280_11,280,0,280_11.npy,0.85,0.85,0.36645508,0.14428711,0.19238281,0.24902344,0.49829102,0.12756348,0.38012695
600,24_3,24,0,24_3.npy,0.85,0.85,0.56103516,0.4116211,0.57470703,0.48901367,0.45947266,0.3635254,0.6508789
601,256_1,256,0,256_1.npy,0.15,0.1,0.3244629,0.16772461,0.18225098,0.85791016,0.55029297,0.32910156,0.4658203
602,26_1,26,0,26_1.npy,0.15,0.85,0.5185547,0.62060547,0.6894531,0.6489258,0.4404297,0.6196289,0.37280273
603,240_7,240,0,240_7.npy,0.12,0.1,0.4411621,0.13891602,0.07763672,0.2614746,0.40234375,0.18737793,0.37719727
604,246_4,246,0,246_4.npy,0.12,0.88,0.25073242,0.24963379,0.1048584,0.2536621,0.4284668,0.15344238,0.13830566
605,305_1,305,0,305_1.npy,0.15,0.15,0.27954102,0.16101074,0.27001953,0.31445312,0.4230957,0.09686279,0.50146484
606,158_4,158,0,158_4.npy,0.15,0.15,0.1763916,0.06964111,0.17492676,0.2944336,0.44433594,0.04751587,0.14685059
607,227_4,227,0,227_4.npy,0.15,0.2,0.26464844,0.32641602,0.22644043,0.34399414,0.4345703,0.094177246,0.3828125
608,41_3,41,0,41_3.npy,0.12,0.05,0.17883301,0.07989502,0.25805664,0.4699707,0.45043945,0.051086426,0.2841797
609,174_10,174,0,174_10.npy,0.12,0.82,0.17651367,0.09075928,0.07989502,0.24511719,0.4555664,0.027908325,0.27075195
610,218_1,218,0,218_1.npy,0.05,0.1,0.19848633,0.1381836,0.076416016,0.31152344,0.42089844,0.098083496,0.12072754
611,154_2,154,0,154_2.npy,0.15,0.1,0.17114258,0.10559082,0.08959961,0.3059082,0.43481445,0.07489014,0.29736328
612,11_6,11,0,11_6.npy,0.12,0.85,0.23254395,0.37890625,0.39453125,0.50097656,0.44335938,0.09234619,0.56884766
613,280_6,280,0,280_6.npy,0.82,0.88,0.5722656,0.35498047,0.46069336,0.6513672,0.47094727,0.4567871,0.6152344
614,56_5,56,0,56_5.npy,0.7,0.1,0.4411621,0.17272949,0.14013672,0.4975586,0.44750977,0.17626953,0.52490234
615,284_4,284,0,284_4.npy,0.15,0.1,0.1706543,0.18200684,0.08618164,0.37451172,0.4729004,0.045776367,0.2758789
616,253_1,253,0,253_1.npy,0.85,0.78,0.2397461,0.093322754,0.09753418,0.29882812,0.4194336,0.08831787,0.4189453
617,35_9,35,0,35_9.npy,0.12,0.85,0.31713867,0.2163086,0.11419678,0.31567383,0.43969727,0.14086914,0.5185547
618,248_6,248,0,248_6.npy,0.15,0.85,0.25341797,0.16833496,0.3762207,0.38183594,0.46655273,0.24743652,0.32739258
619,256_2,256,0,256_2.npy,0.12,0.15,0.2565918,0.18286133,0.19580078,0.20349121,0.4296875,0.08880615,0.093688965
620,113_3,113,0,113_3.npy,0.15,0.15,0.35229492,0.14086914,0.09893799,0.21655273,0.48242188,0.046539307,0.4033203
621,75_2,75,0,75_2.npy,0.12,0.15,0.22106934,0.09979248,0.10247803,0.5292969,0.44873047,0.04663086,0.22351074
622,35_11,35,0,35_11.npy,0.15,0.1,0.28515625,0.14550781,0.39086914,0.18164062,0.43164062,0.39331055,0.4572754
623,50_7,50,0,50_7.npy,0.12,0.92,0.28637695,0.42993164,0.18652344,0.6669922,0.5263672,0.18371582,0.4152832
624,2_2,2,0,2_2.npy,0.15,0.1,0.4765625,0.32177734,0.66503906,0.60058594,0.44726562,0.34472656,0.5263672
625,81_2,81,0,81_2.npy,0.12,0.1,0.23657227,0.1116333,0.06842041,0.21154785,0.43359375,0.0993042,0.36572266
626,43_3,43,0,43_3.npy,0.1,0.05,0.19787598,0.08123779,0.2536621,0.28979492,0.43481445,0.072265625,0.51171875
627,75_2,75,0,75_2.npy,0.12,0.15,0.22106934,0.09979248,0.10247803,0.5292969,0.44873047,0.04663086,0.22351074
628,259_4,259,0,259_4.npy,0.12,0.1,0.26879883,0.26049805,0.20166016,0.47338867,0.43579102,0.07763672,0.4729004
629,226_1,226,0,226_1.npy,0.15,0.15,0.17529297,0.42797852,0.3544922,0.4260254,0.46020508,0.099975586,0.52490234
630,289_4,289,0,289_4.npy,0.12,0.1,0.34765625,0.08728027,0.14501953,0.5019531,0.44677734,0.056854248,0.1550293
631,138_6,138,0,138_6.npy,0.12,0.15,0.1973877,0.076416016,0.18920898,0.22949219,0.41723633,0.074645996,0.034088135
632,39_1,39,0,39_1.npy,0.15,0.05,0.43969727,0.1484375,0.23425293,0.23510742,0.41625977,0.1015625,0.4230957
633,1_2,1,0,1_2.npy,0.15,0.05,0.53125,0.5854492,0.51904297,0.7026367,0.49145508,0.24511719,0.3334961
634,270_3,270,0,270_3.npy,0.15,0.1,0.22387695,0.23706055,0.17907715,0.16931152,0.43286133,0.05126953,0.31176758
635,274_2,274,0,274_2.npy,0.15,0.85,0.25561523,0.28881836,0.18005371,0.23498535,0.46533203,0.058013916,0.23400879
636,109_1,109,0,109_1.npy,0.15,0.1,0.4140625,0.5942383,0.2590332,0.82421875,0.5395508,0.24621582,0.38012695
637,293_3,293,0,293_3.npy,0.15,0.1,0.41625977,0.5732422,0.7626953,0.8774414,0.52734375,0.25561523,0.5307617
638,167_1,167,0,167_1.npy,0.15,0.85,0.24621582,0.0960083,0.10650635,0.31640625,0.45043945,0.031677246,0.39672852
639,17_1,17,0,17_1.npy,0.15,0.15,0.25756836,0.15661621,0.2109375,0.23828125,0.49389648,0.053009033,0.4284668
640,151_4,151,0,151_4.npy,0.05,0.05,0.20324707,0.13977051,0.12512207,0.359375,0.41552734,0.10430908,0.31518555
641,68_4,68,0,68_4.npy,0.15,0.1,0.2454834,0.12597656,0.053985596,0.17553711,0.43237305,0.037322998,0.5390625
642,181_5,181,0,181_5.npy,0.85,0.9,0.24902344,0.5864258,0.70996094,0.35839844,0.5048828,0.28759766,0.63916016
643,91_2,91,0,91_2.npy,0.15,0.1,0.17626953,0.04385376,0.109680176,0.18261719,0.42456055,0.04510498,0.07183838
644,310_2,310,0,310_2.npy,0.12,0.15,0.25878906,0.1352539,0.0927124,0.31689453,0.42578125,0.109680176,0.27954102
645,259_2,259,0,259_2.npy,0.15,0.85,0.45751953,0.45654297,0.45654297,0.57128906,0.4399414,0.22253418,0.4248047
646,81_5,81,0,81_5.npy,0.12,0.15,0.31933594,0.3461914,0.4099121,0.2409668,0.4345703,0.13562012,0.34448242
647,259_5,259,0,259_5.npy,0.12,0.85,0.49072266,0.21130371,0.2631836,0.43969727,0.42382812,0.06439209,0.4519043
648,1_1,1,0,1_1.npy,0.15,0.8,0.5371094,0.61083984,0.6855469,0.86572266,0.53271484,0.7055664,0.5175781
649,154_3,154,0,154_3.npy,0.15,0.1,0.25878906,0.23425293,0.2788086,0.49975586,0.4736328,0.0340271,0.3774414
650,280_9,280,0,280_9.npy,0.12,0.05,0.35839844,0.12512207,0.23583984,0.66552734,0.4963379,0.20812988,0.45239258
651,136_2,136,0,136_2.npy,0.15,0.82,0.37890625,0.27319336,0.17907715,0.5449219,0.44702148,0.13232422,0.27124023
652,72_1,72,0,72_1.npy,0.12,0.15,0.28881836,0.08331299,0.33398438,0.26171875,0.42382812,0.058013916,0.40429688
653,124_5,124,0,124_5.npy,0.2,0.8,0.47192383,0.40185547,0.17175293,0.53808594,0.43945312,0.20227051,0.45092773
654,18_2,18,0,18_2.npy,0.12,0.15,0.29077148,0.11315918,0.09320068,0.26367188,0.43823242,0.099487305,0.43676758
655,121_6,121,0,121_6.npy,0.15,0.1,0.18554688,0.27661133,0.13000488,0.29858398,0.42626953,0.10229492,0.36132812
656,195_3,195,0,195_3.npy,0.15,0.15,0.25097656,0.05834961,0.25830078,0.44067383,0.45581055,0.09399414,0.23706055
657,105_2,105,0,105_2.npy,0.85,0.82,0.28515625,0.1352539,0.19104004,0.3774414,0.4453125,0.14672852,0.5732422
658,229_6,229,0,229_6.npy,0.15,0.8,0.19543457,0.13439941,0.21789551,0.24560547,0.44189453,0.099121094,0.3720703
659,168_1,168,0,168_1.npy,0.12,0.15,0.21398926,0.12683105,0.08270264,0.41308594,0.42700195,0.111816406,0.16516113
660,48_3,48,0,48_3.npy,0.1,0.05,0.34594727,0.18408203,0.2939453,0.34960938,0.43530273,0.14990234,0.17871094
661,222_1,222,0,222_1.npy,0.15,0.15,0.21484375,0.14416504,0.16503906,0.26220703,0.44848633,0.0970459,0.6665039
662,146_2,146,1,146_2.npy,0.15,0.1,0.24145508,0.14099121,0.2043457,0.24291992,0.44335938,0.1619873,0.16235352
663,303_5,303,0,303_5.npy,0.12,0.95,0.28100586,0.2866211,0.1694336,0.44848633,0.44018555,0.20166016,0.13232422
664,248_5,248,0,248_5.npy,0.15,0.1,0.4116211,0.15368652,0.22851562,0.42895508,0.4814453,0.06512451,0.42456055
665,28_3,28,0,28_3.npy,0.15,0.85,0.4885254,0.44873047,0.52441406,0.49121094,0.44311523,0.19885254,0.4909668
666,299_1,299,0,299_1.npy,0.12,0.1,0.18493652,0.07354736,0.09387207,0.18591309,0.43286133,0.055725098,0.26220703
667,222_3,222,0,222_3.npy,0.15,0.15,0.28881836,0.06817627,0.2758789,0.2553711,0.44604492,0.14648438,0.41308594
668,111_3,111,0,111_3.npy,0.12,0.15,0.19006348,0.07080078,0.12084961,0.17260742,0.4296875,0.053497314,0.12365723
669,143_6,143,0,143_6.npy,0.12,0.1,0.20471191,0.10760498,0.13867188,0.19116211,0.43676758,0.0758667,0.18652344
670,13_3,13,0,13_3.npy,0.15,0.1,0.15856934,0.3125,0.18493652,0.1796875,0.4338379,0.08251953,0.19824219
671,270_6,270,0,270_6.npy,0.15,0.82,0.3984375,0.32006836,0.15441895,0.8808594,0.51171875,0.1048584,0.32202148
672,252_1,252,0,252_1.npy,0.1,0.1,0.18554688,0.33154297,0.3461914,0.30810547,0.46118164,0.119628906,0.4765625
673,190_4,190,0,190_4.npy,0.12,0.15,0.2697754,0.10089111,0.10015869,0.1640625,0.4326172,0.07397461,0.57910156
674,122_1,122,0,122_1.npy,0.12,0.85,0.20983887,0.18835449,0.2932129,0.24707031,0.44433594,0.12042236,0.46484375
675,261_8,261,0,261_8.npy,0.15,0.15,0.33666992,0.48754883,0.43530273,0.42626953,0.42993164,0.16748047,0.30249023
676,77_4,77,0,77_4.npy,0.15,0.82,0.26660156,0.12145996,0.08105469,0.35498047,0.44580078,0.06008911,0.19128418
677,15_1,15,0,15_1.npy,0.12,0.75,0.39746094,0.23339844,0.11981201,0.69677734,0.52197266,0.08093262,0.51220703
678,295_3,295,0,295_3.npy,0.12,0.9,0.19421387,0.5595703,0.29638672,0.5654297,0.49609375,0.60498047,0.49804688
679,43_1,43,0,43_1.npy,0.15,0.05,0.1862793,0.066223145,0.22485352,0.37646484,0.41601562,0.07751465,0.19006348
680,158_4,158,0,158_4.npy,0.15,0.15,0.1763916,0.06964111,0.17492676,0.2944336,0.44433594,0.04751587,0.14685059
681,51_1,51,1,51_1.npy,0.15,0.1,0.6152344,0.64941406,0.68652344,0.65185547,0.46166992,0.54589844,0.2421875
682,39_1,39,0,39_1.npy,0.15,0.05,0.43969727,0.1484375,0.23425293,0.23510742,0.41625977,0.1015625,0.4230957
683,118_2,118,0,118_2.npy,0.12,0.88,0.28735352,0.08251953,0.11437988,0.2553711,0.49975586,0.07080078,0.3371582
684,284_13,284,0,284_13.npy,0.15,0.1,0.28979492,0.18530273,0.18493652,0.62109375,0.45825195,0.10089111,0.3046875
685,284_2,284,0,284_2.npy,0.12,0.1,0.1887207,0.2163086,0.13757324,0.16882324,0.4404297,0.044281006,0.28100586
686,109_1,109,0,109_1.npy,0.15,0.1,0.4140625,0.5942383,0.2590332,0.82421875,0.5395508,0.24621582,0.38012695
687,183_1,183,0,183_1.npy,0.12,0.15,0.17797852,0.08868408,0.14819336,0.17883301,0.43481445,0.07330322,0.107421875
688,35_9,35,0,35_9.npy,0.12,0.85,0.31713867,0.2163086,0.11419678,0.31567383,0.43969727,0.14086914,0.5185547
689,246_4,246,0,246_4.npy,0.12,0.88,0.25073242,0.24963379,0.1048584,0.2536621,0.4284668,0.15344238,0.13830566
690,107_3,107,0,107_3.npy,0.15,0.1,0.1763916,0.16235352,0.19042969,0.52978516,0.4494629,0.08850098,0.14782715
691,189_1,189,1,189_1.npy,0.15,0.75,0.50341797,0.50927734,0.59277344,0.5864258,0.4560547,0.3251953,0.49365234
692,142_2,142,1,142_2.npy,0.85,0.85,0.61279297,0.53222656,0.7441406,0.7011719,0.51660156,0.5878906,0.6616211
693,60_5,60,0,60_5.npy,0.15,0.95,0.70654297,0.22436523,0.23217773,0.5024414,0.43823242,0.19702148,0.53271484
694,213_3,213,0,213_3.npy,0.08,0.1,0.18383789,0.1048584,0.10839844,0.21850586,0.4375,0.044006348,0.25952148
695,119_1,119,1,119_1.npy,0.15,0.05,0.37963867,0.23596191,0.1003418,0.49389648,0.42944336,0.10229492,0.12915039
696,284_2,284,0,284_2.npy,0.12,0.1,0.1887207,0.2163086,0.13757324,0.16882324,0.4404297,0.044281006,0.28100586
697,303_3,303,0,303_3.npy,0.15,0.1,0.20263672,0.36450195,0.10760498,0.22045898,0.43920898,0.06549072,0.25683594
698,168_2,168,0,168_2.npy,0.1,0.1,0.171875,0.15734863,0.11456299,0.20935059,0.43188477,0.043762207,0.041778564
699,136_1,136,0,136_1.npy,0.1,0.15,0.25854492,0.087890625,0.09075928,0.3388672,0.4194336,0.10858154,0.061309814
700,246_6,246,0,246_6.npy,0.15,0.1,0.37182617,0.07342529,0.095336914,0.7651367,0.46484375,0.057800293,0.08123779
701,2_8,2,0,2_8.npy,0.15,0.85,0.20935059,0.07366943,0.07904053,0.16821289,0.44555664,0.0647583,0.48828125
702,102_1,102,0,102_1.npy,0.15,0.2,0.49780273,0.21887207,0.36376953,0.54345703,0.46264648,0.35595703,0.390625
703,60_1,60,0,60_1.npy,0.15,0.05,0.30981445,0.23376465,0.099487305,0.4267578,0.4440918,0.13146973,0.44970703
704,81_2,81,0,81_2.npy,0.12,0.1,0.23657227,0.1116333,0.06842041,0.21154785,0.43359375,0.0993042,0.36572266
705,94_2,94,0,94_2.npy,0.12,0.85,0.16955566,0.08093262,0.048950195,0.21887207,0.44482422,0.042388916,0.20349121
706,246_4,246,0,246_4.npy,0.12,0.88,0.25073242,0.24963379,0.1048584,0.2536621,0.4284668,0.15344238,0.13830566
707,270_5,270,1,270_5.npy,0.12,0.82,0.52001953,0.5966797,0.42260742,0.65185547,0.4741211,0.34716797,0.30297852
708,299_2,299,0,299_2.npy,0.15,0.1,0.20788574,0.10266113,0.16040039,0.20507812,0.43701172,0.060302734,0.16235352
709,115_1,115,0,115_1.npy,0.15,0.1,0.29223633,0.24902344,0.4260254,0.41845703,0.46972656,0.07196045,0.36987305
710,8_2,8,0,8_2.npy,0.12,0.85,0.2211914,0.1328125,0.13439941,0.22302246,0.42260742,0.13696289,0.45581055
711,270_3,270,0,270_3.npy,0.15,0.1,0.22387695,0.23706055,0.17907715,0.16931152,0.43286133,0.05126953,0.31176758
712,136_2,136,0,136_2.npy,0.15,0.82,0.37890625,0.27319336,0.17907715,0.5449219,0.44702148,0.13232422,0.27124023
713,277_1,277,1,277_1.npy,0.15,0.15,0.21203613,0.11395264,0.12231445,0.35424805,0.4729004,0.20336914,0.3527832
714,74_1,74,1,74_1.npy,0.15,0.05,0.6982422,0.69970703,0.7011719,0.91796875,0.5341797,0.67333984,0.66308594
715,1_2,1,0,1_2.npy,0.15,0.05,0.53125,0.5854492,0.51904297,0.7026367,0.49145508,0.24511719,0.3334961
716,161_5,161,1,161_5.npy,0.85,0.88,0.32373047,0.44995117,0.2631836,0.65966797,0.50927734,0.17041016,0.62890625
717,305_1,305,0,305_1.npy,0.15,0.15,0.27954102,0.16101074,0.27001953,0.31445312,0.4230957,0.09686279,0.50146484
718,299_2,299,0,299_2.npy,0.15,0.1,0.20788574,0.10266113,0.16040039,0.20507812,0.43701172,0.060302734,0.16235352
719,105_5,105,0,105_5.npy,0.15,0.85,0.25341797,0.22375488,0.1427002,0.3491211,0.43725586,0.118774414,0.5366211
720,227_3,227,0,227_3.npy,0.15,0.75,0.21533203,0.07904053,0.31445312,0.20532227,0.421875,0.18371582,0.2607422
721,229_3,229,1,229_3.npy,0.15,0.15,0.3334961,0.15014648,0.08300781,0.40039062,0.4494629,0.110839844,0.27197266
722,107_3,107,0,107_3.npy,0.15,0.1,0.1763916,0.16235352,0.19042969,0.52978516,0.4494629,0.08850098,0.14782715
723,288_6,288,0,288_6.npy,0.1,0.15,0.2548828,0.09088135,0.21472168,0.16870117,0.43432617,0.048675537,0.050048828
724,284_2,284,0,284_2.npy,0.12,0.1,0.1887207,0.2163086,0.13757324,0.16882324,0.4404297,0.044281006,0.28100586
725,301_3,301,0,301_3.npy,0.15,0.15,0.24633789,0.26660156,0.26831055,0.31860352,0.43579102,0.06878662,0.29248047
726,2_2,2,0,2_2.npy,0.15,0.1,0.4765625,0.32177734,0.66503906,0.60058594,0.44726562,0.34472656,0.5263672
727,26_1,26,0,26_1.npy,0.15,0.85,0.5185547,0.62060547,0.6894531,0.6489258,0.4404297,0.6196289,0.37280273
728,227_5,227,0,227_5.npy,0.92,0.92,0.2578125,0.26367188,0.25097656,0.27319336,0.4284668,0.24414062,0.67333984
729,277_3,277,0,277_3.npy,0.15,0.15,0.31567383,0.1784668,0.17053223,0.62353516,0.53808594,0.12054443,0.45214844
730,77_1,77,0,77_1.npy,0.05,0.1,0.26782227,0.07977295,0.13122559,0.25952148,0.42578125,0.14001465,0.101257324
731,65_5,65,0,65_5.npy,0.85,0.88,0.49194336,0.0993042,0.17175293,0.27807617,0.4243164,0.20092773,0.29052734
732,89_2,89,0,89_2.npy,0.15,0.15,0.25317383,0.12420654,0.107788086,0.32788086,0.41503906,0.06732178,0.2010498
733,63_1,63,0,63_1.npy,0.05,0.1,0.4543457,0.27319336,0.06866455,0.44311523,0.42358398,0.15332031,0.1508789
734,200_3,200,0,200_3.npy,0.12,0.82,0.26049805,0.10650635,0.18005371,0.43603516,0.4428711,0.06097412,0.3684082
735,252_5,252,0,252_5.npy,0.1,0.15,0.22253418,0.07385254,0.14453125,0.20593262,0.47387695,0.025619507,0.28100586
736,168_4,168,0,168_4.npy,0.12,0.15,0.18566895,0.15649414,0.035949707,0.24401855,0.44189453,0.051940918,0.20324707
737,183_6,183,0,183_6.npy,0.15,0.15,0.29077148,0.10559082,0.21191406,0.2836914,0.41577148,0.0703125,0.10192871
738,4_2,4,0,4_2.npy,0.15,0.75,0.18432617,0.061645508,0.18286133,0.15441895,0.44873047,0.061309814,0.28076172
739,72_1,72,0,72_1.npy,0.12,0.15,0.28881836,0.08331299,0.33398438,0.26171875,0.42382812,0.058013916,0.40429688
740,212_4,212,0,212_4.npy,0.12,0.82,0.3786621,0.29492188,0.23059082,0.95947266,0.5444336,0.25048828,0.48535156
741,7_1,7,0,7_1.npy,0.12,0.1,0.29296875,0.15637207,0.23400879,0.22509766,0.44995117,0.111450195,0.28857422
742,284_2,284,0,284_2.npy,0.12,0.1,0.1887207,0.2163086,0.13757324,0.16882324,0.4404297,0.044281006,0.28100586
743,13_2,13,1,13_2.npy,0.12,0.85,0.26635742,0.29052734,0.32104492,0.64453125,0.44677734,0.45214844,0.3071289
744,269_6,269,0,269_6.npy,0.18,0.8,0.33276367,0.3359375,0.33618164,0.53222656,0.45629883,0.121398926,0.36376953
745,267_1,267,0,267_1.npy,0.12,0.15,0.20996094,0.16760254,0.066589355,0.23022461,0.4375,0.04510498,0.4560547
746,91_1,91,0,91_1.npy,0.12,0.1,0.19580078,0.105407715,0.084472656,0.5053711,0.5234375,0.044189453,0.30151367
747,267_2,267,0,267_2.npy,0.15,0.15,0.4555664,0.12646484,0.12261963,0.3798828,0.44067383,0.07409668,0.50634766
748,143_3,143,1,143_3.npy,0.12,0.1,0.2084961,0.083862305,0.25610352,0.2142334,0.4345703,0.0703125,0.24243164
749,261_8,261,0,261_8.npy,0.15,0.15,0.33666992,0.48754883,0.43530273,0.42626953,0.42993164,0.16748047,0.30249023
750,21_4,21,0,21_4.npy,0.15,0.1,0.21484375,0.33154297,0.24902344,0.26049805,0.4560547,0.05331421,0.2434082
751,80_3,80,0,80_3.npy,0.05,0.05,0.5151367,0.24023438,0.49291992,0.53564453,0.47021484,0.13208008,0.5239258
752,269_8,269,0,269_8.npy,0.12,0.1,0.20898438,0.06903076,0.056549072,0.3161621,0.42919922,0.03125,0.18603516
753,70_2,70,0,70_2.npy,0.15,0.85,0.52734375,0.32080078,0.18408203,0.86376953,0.54589844,0.14318848,0.35766602
754,243_3,243,0,243_3.npy,0.12,0.15,0.29125977,0.123168945,0.15209961,0.26000977,0.42041016,0.08239746,0.20544434
755,83_1,83,0,83_1.npy,0.15,0.85,0.16320801,0.06732178,0.054992676,0.18920898,0.4206543,0.060302734,0.40722656
756,61_1,61,0,61_1.npy,0.12,0.15,0.16186523,0.12768555,0.15686035,0.21130371,0.43798828,0.07543945,0.32177734
757,253_4,253,0,253_4.npy,0.12,0.15,0.20092773,0.066345215,0.12402344,0.21350098,0.41967773,0.061431885,0.0770874
758,73_1,73,1,73_1.npy,0.15,0.85,0.5673828,0.48999023,0.4987793,0.6801758,0.4970703,0.42260742,0.42456055
759,259_6,259,0,259_6.npy,0.12,0.05,0.25268555,0.17163086,0.1862793,0.35986328,0.4423828,0.10449219,0.16027832
760,25_5,25,0,25_5.npy,0.12,0.1,0.27807617,0.14074707,0.09503174,0.22180176,0.4423828,0.10467529,0.076538086
761,99_2,99,0,99_2.npy,0.15,0.88,0.26367188,0.13305664,0.15258789,0.30200195,0.41748047,0.054992676,0.20263672
762,26_4,26,0,26_4.npy,0.12,0.1,0.20422363,0.111450195,0.6074219,0.24438477,0.43408203,0.044433594,0.26464844
763,77_2,77,0,77_2.npy,0.05,0.15,0.2142334,0.15783691,0.13244629,0.28710938,0.41137695,0.062805176,0.09667969
764,263_2,263,0,263_2.npy,0.15,0.15,0.22827148,0.113586426,0.10821533,0.39575195,0.5229492,0.07501221,0.3955078
765,35_6,35,0,35_6.npy,0.15,0.85,0.1784668,0.12548828,0.118774414,0.21386719,0.45141602,0.06585693,0.52978516
766,10_6,10,0,10_6.npy,0.15,0.15,0.33203125,0.15698242,0.06951904,0.25097656,0.46948242,0.04638672,0.39111328
767,43_1,43,0,43_1.npy,0.15,0.05,0.1862793,0.066223145,0.22485352,0.37646484,0.41601562,0.07751465,0.19006348
768,17_5,17,0,17_5.npy,0.12,0.1,0.28735352,0.3779297,0.3491211,0.46826172,0.43920898,0.21435547,0.44067383
769,268_1,268,0,268_1.npy,0.15,0.1,0.36523438,0.10247803,0.21899414,0.30908203,0.41552734,0.083862305,0.14331055
770,219_1,219,0,219_1.npy,0.12,0.15,0.4182129,0.19812012,0.11437988,0.28979492,0.4584961,0.05758667,0.2915039
771,210_1,210,0,210_1.npy,0.12,0.15,0.23022461,0.22485352,0.09448242,0.31713867,0.43408203,0.12219238,0.5058594
772,124_5,124,0,124_5.npy,0.2,0.8,0.47192383,0.40185547,0.17175293,0.53808594,0.43945312,0.20227051,0.45092773
773,90_1,90,0,90_1.npy,0.12,0.85,0.23547363,0.16955566,0.52001953,0.4086914,0.42260742,0.14904785,0.13562012
774,139_3,139,0,139_3.npy,0.15,0.05,0.19238281,0.19665527,0.21655273,0.39941406,0.4272461,0.08758545,0.040008545
775,115_2,115,0,115_2.npy,0.12,0.1,0.20629883,0.34350586,0.2944336,0.34936523,0.44140625,0.07879639,0.29125977
776,174_7,174,0,174_7.npy,0.15,0.15,0.2841797,0.42993164,0.3083496,0.4777832,0.4477539,0.16662598,0.49829102
777,13_5,13,0,13_5.npy,0.15,0.1,0.20422363,0.35620117,0.51904297,0.58691406,0.46069336,0.121154785,0.14624023
778,251_1,251,1,251_1.npy,0.78,0.85,0.5498047,0.42626953,0.5366211,0.73095703,0.47143555,0.23779297,0.6484375
779,8_3,8,0,8_3.npy,0.1,0.1,0.29418945,0.21936035,0.1776123,0.24926758,0.42456055,0.10412598,0.40820312
780,213_3,213,0,213_3.npy,0.08,0.1,0.18383789,0.1048584,0.10839844,0.21850586,0.4375,0.044006348,0.25952148
781,55_4,55,0,55_4.npy,0.12,0.15,0.2541504,0.2006836,0.10839844,0.23913574,0.43066406,0.056762695,0.0927124
782,248_6,248,0,248_6.npy,0.15,0.85,0.25341797,0.16833496,0.3762207,0.38183594,0.46655273,0.24743652,0.32739258
783,99_1,99,1,99_1.npy,0.15,0.85,0.34277344,0.24438477,0.39794922,0.4934082,0.43041992,0.28735352,0.32788086
784,310_3,310,0,310_3.npy,0.12,0.1,0.171875,0.09350586,0.119384766,0.21496582,0.41552734,0.044769287,0.0385437
785,163_7,163,0,163_7.npy,0.05,0.1,0.2319336,0.084350586,0.14282227,0.23144531,0.43530273,0.056030273,0.07409668
786,152_3,152,0,152_3.npy,0.15,0.15,0.1821289,0.15209961,0.16833496,0.20959473,0.43823242,0.033599854,0.14172363
787,25_7,25,0,25_7.npy,0.12,0.78,0.2614746,0.24279785,0.1328125,0.29858398,0.42529297,0.113586426,0.45336914
788,15_3,15,0,15_3.npy,0.15,0.1,0.24304199,0.12249756,0.09387207,0.19067383,0.43481445,0.072265625,0.3239746
789,68_5,68,0,68_5.npy,0.12,0.15,0.4248047,0.33422852,0.5683594,0.9423828,0.51660156,0.0803833,0.48364258
790,138_6,138,0,138_6.npy,0.12,0.15,0.1973877,0.076416016,0.18920898,0.22949219,0.41723633,0.074645996,0.034088135
791,301_15,301,0,301_15.npy,0.15,0.1,0.17590332,0.12792969,0.18859863,0.16760254,0.43554688,0.053710938,0.17053223
792,274_7,274,0,274_7.npy,0.12,0.05,0.20056152,0.23303223,0.44995117,0.30126953,0.43188477,0.24487305,0.4560547
793,13_3,13,0,13_3.npy,0.15,0.1,0.15856934,0.3125,0.18493652,0.1796875,0.4338379,0.08251953,0.19824219
794,111_1,111,0,111_1.npy,0.12,0.15,0.42456055,0.22424316,0.6660156,0.7192383,0.5209961,0.22033691,0.5800781
795,65_5,65,0,65_5.npy,0.85,0.88,0.49194336,0.0993042,0.17175293,0.27807617,0.4243164,0.20092773,0.29052734
796,79_2,79,0,79_2.npy,0.12,0.1,0.23632812,0.08557129,0.16577148,0.15698242,0.4362793,0.058441162,0.3527832
797,35_2,35,0,35_2.npy,0.85,0.85,0.48046875,0.5366211,0.5961914,0.5908203,0.4375,0.31152344,0.75341797
798,263_4,263,0,263_4.npy,0.12,0.05,0.19226074,0.07385254,0.08868408,0.3137207,0.41259766,0.05718994,0.1784668
799,89_2,89,0,89_2.npy,0.15,0.15,0.25317383,0.12420654,0.107788086,0.32788086,0.41503906,0.06732178,0.2010498
800,35_4,35,0,35_4.npy,0.12,0.85,0.66845703,0.59033203,0.6953125,0.8911133,0.50390625,0.5239258,0.47851562
801,270_6,270,0,270_6.npy,0.15,0.82,0.3984375,0.32006836,0.15441895,0.8808594,0.51171875,0.1048584,0.32202148
802,51_2,51,0,51_2.npy,0.15,0.2,0.16601562,0.14160156,0.08416748,0.15991211,0.4321289,0.10144043,0.0803833
803,62_3,62,0,62_3.npy,0.12,0.85,0.2578125,0.14404297,0.20947266,0.2421875,0.4482422,0.1517334,0.35595703
804,274_2,274,0,274_2.npy,0.15,0.85,0.25561523,0.28881836,0.18005371,0.23498535,0.46533203,0.058013916,0.23400879
805,253_9,253,0,253_9.npy,0.15,0.85,0.2467041,0.08239746,0.072265625,0.27661133,0.5083008,0.052825928,0.3864746
806,65_5,65,0,65_5.npy,0.85,0.88,0.49194336,0.0993042,0.17175293,0.27807617,0.4243164,0.20092773,0.29052734
807,96_1,96,1,96_1.npy,0.72,0.85,0.5053711,0.43530273,0.36767578,0.55615234,0.44189453,0.2421875,0.26367188
808,222_3,222,0,222_3.npy,0.15,0.15,0.28881836,0.06817627,0.2758789,0.2553711,0.44604492,0.14648438,0.41308594
809,298_2,298,1,298_2.npy,0.15,0.1,0.32177734,0.40600586,0.40283203,0.34887695,0.4399414,0.13342285,0.19348145
810,8_3,8,0,8_3.npy,0.1,0.1,0.29418945,0.21936035,0.1776123,0.24926758,0.42456055,0.10412598,0.40820312
811,121_1,121,0,121_1.npy,0.12,0.85,0.25195312,0.16296387,0.08538818,0.30566406,0.44311523,0.05706787,0.50390625
812,284_8,284,0,284_8.npy,0.15,0.1,0.46313477,0.35839844,0.32373047,0.6513672,0.48291016,0.06549072,0.29760742
813,163_7,163,0,163_7.npy,0.05,0.1,0.2319336,0.084350586,0.14282227,0.23144531,0.43530273,0.056030273,0.07409668
