model,threshold,net_benefit,sens,spec,ppv,npv,tp,fp,fn,tn
Gemini 3 Flash Preview (F3A mean-of-5),0.05,0.0403,1.0,0.0,0.0883,,81,836,0,0
Gemini 3 Flash Preview (F3A mean-of-5),0.1,0.0065,0.9259,0.2572,0.1078,0.9729,75,621,6,215
Gemini 3 Flash Preview (F3A mean-of-5),0.15,-0.0056,0.7531,0.5514,0.1399,0.9584,61,375,20,461
Gemini 3 Flash Preview (F3A mean-of-5),0.2,-0.0224,0.7407,0.6148,0.1571,0.9607,60,322,21,514
Gemini 3 Flash Preview (F3A mean-of-5),0.5,-0.2083,0.7284,0.701,0.1909,0.9638,59,250,22,586
Gemini 3 Flash Preview (F3 primary run),0.05,0.0403,1.0,0.0,0.0883,,81,836,0,0
Gemini 3 Flash Preview (F3 primary run),0.1,0.0033,0.9506,0.2033,0.1036,0.977,77,666,4,170
Gemini 3 Flash Preview (F3 primary run),0.15,-0.0189,0.8272,0.4282,0.1229,0.9624,67,478,14,358
Gemini 3 Flash Preview (F3 primary run),0.2,-0.0166,0.7531,0.6352,0.1667,0.9637,61,305,20,531
Gemini 3 Flash Preview (F3 primary run),0.5,-0.217,0.7284,0.6914,0.1861,0.9633,59,258,22,578
Gemini 2.5 Flash (F3),0.05,0.0406,1.0,0.0048,0.0887,1.0,81,832,0,4
Gemini 2.5 Flash (F3),0.1,-0.0071,0.9383,0.1112,0.0928,0.949,76,743,5,93
Gemini 2.5 Flash (F3),0.15,-0.0416,0.8642,0.2667,0.1025,0.953,70,613,11,223
Gemini 2.5 Flash (F3),0.2,-0.0649,0.8272,0.3947,0.1169,0.9593,67,506,14,330
Gemini 2.5 Flash (F3),0.5,-0.4068,0.7778,0.4785,0.1263,0.9569,63,436,18,400
Gemini 2.5 Pro (F3),0.05,0.0405,1.0,0.0036,0.0886,1.0,81,833,0,3
Gemini 2.5 Pro (F3),0.1,-0.0097,0.9753,0.0538,0.0908,0.9574,79,791,2,45
Gemini 2.5 Pro (F3),0.15,-0.0311,0.8765,0.3254,0.1118,0.9645,71,564,10,272
Gemini 2.5 Pro (F3),0.2,-0.0597,0.8025,0.427,0.1195,0.9571,65,479,16,357
Gemini 2.5 Pro (F3),0.5,-0.3969,0.8025,0.4868,0.1316,0.9622,65,429,16,407
Gemini 3.1 Pro Preview (F3),0.05,0.0403,1.0,0.0,0.0883,,81,836,0,0
Gemini 3.1 Pro Preview (F3),0.1,-0.001,0.9259,0.183,0.0989,0.9623,75,683,6,153
Gemini 3.1 Pro Preview (F3),0.15,-0.0063,0.7654,0.5407,0.139,0.9597,62,384,19,452
Gemini 3.1 Pro Preview (F3),0.2,0.006,0.5802,0.8014,0.2207,0.9517,47,166,34,670
Gemini 3.1 Pro Preview (F3),0.5,-0.1003,0.5802,0.8337,0.2527,0.9535,47,139,34,697
MedGemma 1.5-4B (F3),0.05,0.0403,1.0,0.0,0.0883,,81,836,0,0
MedGemma 1.5-4B (F3),0.1,0.0075,0.8889,0.299,0.1094,0.9653,72,586,9,250
MedGemma 1.5-4B (F3),0.15,-0.0343,0.8889,0.299,0.1094,0.9653,72,586,9,250
MedGemma 1.5-4B (F3),0.2,-0.0812,0.8889,0.299,0.1094,0.9653,72,586,9,250
MedGemma 1.5-4B (F3),0.5,-0.5605,0.8889,0.299,0.1094,0.9653,72,586,9,250
STU-Net,0.05,0.0484,1.0,0.1675,0.1042,1.0,81,696,0,140
STU-Net,0.1,0.031,0.963,0.4665,0.1489,0.9924,78,446,3,390
STU-Net,0.15,0.0203,0.9506,0.6041,0.1887,0.9921,77,331,4,505
STU-Net,0.2,0.0057,0.9012,0.6758,0.2122,0.986,73,271,8,565
STU-Net,0.5,-0.0447,0.6173,0.8911,0.3546,0.9601,50,91,31,745
EfficientNet-B0,0.05,0.0403,1.0,0.0,0.0883,,81,836,0,0
EfficientNet-B0,0.1,-0.013,1.0,0.0,0.0883,,81,836,0,0
EfficientNet-B0,0.15,-0.0722,1.0,0.0024,0.0885,1.0,81,834,0,2
EfficientNet-B0,0.2,-0.1063,1.0,0.1459,0.1019,1.0,81,714,0,122
EfficientNet-B0,0.5,-0.1221,0.7407,0.7943,0.2586,0.9693,60,172,21,664
ResNet-18,0.05,0.0414,1.0,0.0227,0.0902,1.0,81,817,0,19
ResNet-18,0.1,0.0057,1.0,0.1842,0.1062,1.0,81,682,0,154
ResNet-18,0.15,-0.0133,1.0,0.3684,0.133,1.0,81,528,0,308
ResNet-18,0.2,-0.0338,0.963,0.4785,0.1518,0.9926,78,436,3,400
ResNet-18,0.5,-0.0818,0.6914,0.8433,0.2995,0.9658,56,131,25,705
DenseNet-121,0.05,0.0414,1.0,0.0227,0.0902,1.0,81,817,0,19
DenseNet-121,0.1,0.0093,1.0,0.2201,0.1105,1.0,81,652,0,184
DenseNet-121,0.15,-0.016,0.963,0.372,0.1294,0.9904,78,525,3,311
DenseNet-121,0.2,-0.0395,0.9506,0.4581,0.1453,0.9897,77,453,4,383
DenseNet-121,0.5,-0.1483,0.716,0.7679,0.2302,0.9654,58,194,23,642
ResNet-50,0.05,0.0403,1.0,0.0,0.0883,,81,836,0,0
ResNet-50,0.1,-0.0118,1.0,0.012,0.0893,1.0,81,826,0,10
ResNet-50,0.15,-0.0677,1.0,0.0299,0.0908,1.0,81,811,0,25
ResNet-50,0.2,-0.1091,1.0,0.134,0.1006,1.0,81,724,0,112
ResNet-50,0.5,-0.1919,0.7901,0.7129,0.2105,0.9723,64,240,17,596
Swin-UNETR,0.05,0.0438,1.0,0.0718,0.0945,1.0,81,776,0,60
Swin-UNETR,0.1,0.0013,1.0,0.1411,0.1014,1.0,81,718,0,118
Swin-UNETR,0.15,-0.039,0.9877,0.2153,0.1087,0.9945,80,656,1,180
Swin-UNETR,0.2,-0.0752,0.9877,0.2871,0.1183,0.9959,80,596,1,240
Swin-UNETR,0.5,-0.0905,0.5802,0.8445,0.2655,0.9541,47,130,34,706
ViT-Base,0.05,0.0403,1.0,0.0,0.0883,,81,836,0,0
ViT-Base,0.1,-0.013,1.0,0.0,0.0883,,81,836,0,0
ViT-Base,0.15,-0.0726,1.0,0.0,0.0883,,81,836,0,0
ViT-Base,0.2,-0.1396,1.0,0.0,0.0883,,81,836,0,0
ViT-Base,0.5,-0.1178,0.358,0.8361,0.1747,0.9308,29,137,52,699
Treat-all (reference),0.05,0.0403,1.0,0.0,0.0883,,81,836,0,0
Treat-none (reference),0.05,0.0,0.0,1.0,,0.9117,0,0,81,836
Treat-all (reference),0.1,-0.013,1.0,0.0,0.0883,,81,836,0,0
Treat-none (reference),0.1,0.0,0.0,1.0,,0.9117,0,0,81,836
Treat-all (reference),0.15,-0.0726,1.0,0.0,0.0883,,81,836,0,0
Treat-none (reference),0.15,0.0,0.0,1.0,,0.9117,0,0,81,836
Treat-all (reference),0.2,-0.1396,1.0,0.0,0.0883,,81,836,0,0
Treat-none (reference),0.2,0.0,0.0,1.0,,0.9117,0,0,81,836
Treat-all (reference),0.5,-0.8233,1.0,0.0,0.0883,,81,836,0,0
Treat-none (reference),0.5,0.0,0.0,1.0,,0.9117,0,0,81,836
